ID,Title,Section,Type,Priority,Estimate,Preconditions,Steps,Expected Result,References,Automation Status
INV-001,View fulfillment centers list,Inventory > Fulfillment Centers,Functional,High,3min,Admin logged in to Backend,"1. Navigate to More > Inventory module
2. Verify Managing fulfillment centers blade opens","1. Managing fulfillment centers blade is opened
2. Elements present: Refresh button, Add button, Search field, Table with FFCs",C356990,None
INV-002,Add new fulfillment center,Inventory > Fulfillment Centers,Functional,Critical,5min,Admin logged in to Backend,"1. Navigate to Inventory module
2. Click 'Add' button
3. Verify New Fulfillment Center blade opens with fields: Name, Location, Outer Id, Short description, Description, Address widget
4. Fill in the Name field
5. Verify Save and Reset buttons activate
6. Click Reset > Verify name is cleared and buttons deactivate
7. Fill in all necessary fields
8. Click 'Save'
9. Reopen new FFC","1. New Fulfillment Center blade opens with correct fields and buttons (Save, Reset, Delete disabled by default)
2. Save and Reset activated after filling Name
3. Reset clears data
4. FFC is created and displayed in the list
5. All fields saved, dynamic properties widget displayed","C356991 C200191",Katalon
INV-003,Edit FFC name,Inventory > Fulfillment Centers,Functional,High,3min,"Admin logged in to Backend
FFC created [INV-002]","1. Open FFC from INV-002
2. Change the Name field
3. Click 'Save'
4. Reopen FFC blade","New name is saved and displayed",C357012 C200192,Katalon
INV-004,Edit FFC description,Inventory > Fulfillment Centers,Functional,High,3min,"Admin logged in to Backend
FFC created [INV-002]","1. Open FFC from INV-002
2. Change the Description field
3. Click 'Save'
4. Reopen FFC blade","New description is saved and displayed",C357013 C200193,Katalon
INV-005,Edit FFC geo location,Inventory > Fulfillment Centers,Functional,High,3min,"Admin logged in to Backend
FFC created [INV-002]","1. Open FFC from INV-002
2. Change the geo location
3. Click 'Save'
4. Reopen FFC blade","New geolocation is saved",C357014 C200194,Katalon
INV-006,Edit FFC short description with Markdown and HTML,Inventory > Fulfillment Centers,Functional,Medium,5min,"Admin logged in to Backend
FFC created [INV-002]","1. Open FFC > Check Short Description field
2. Add information > Click Save
3. Close and reopen FFC blade > Verify data persisted
4. Use Markdown toolbar to edit text > Save
5. Open Preview tab > Verify formatted text
6. Return to Markdown tab > Add HTML table > Save
7. Open Preview tab > Verify HTML table renders","1. Information saved in Short description field
2. Text displayed as edited in Markdown
3. HTML file displayed as table in Preview tab",C343330,None
INV-007,Delete FFC from details blade,Inventory > Fulfillment Centers,Functional,High,3min,"Admin logged in to Backend
FFC created [INV-002]","1. Open FFC details
2. Click 'Delete' button
3. Confirm deletion","FFC is deleted and count decreases by one",C357008 C200196,None
INV-008,Delete FFC via context menu,Inventory > Fulfillment Centers,Functional,High,3min,"Admin logged in to Backend
FFC created [INV-002]","1. Open Inventory > Right-click on any FFC
2. Verify context menu displays 'Manage' and 'Delete'
3. Click 'Delete'
4. Confirm deletion in pop-up","FFC is deleted and count decreases by one",C357010 C357009,None
INV-009,Search fulfillment centers,Inventory > Fulfillment Centers,Functional,Medium,5min,"Admin logged in to Backend
Multiple FFCs exist","1. Enter full name of FFC (e.g. 'Los Angeles Branch') > Verify result
2. Clear search field > Verify all FFCs returned
3. Enter partial name (e.g. 'New') > Verify matching results
4. Enter non-existing name > Verify no results","1. Full name returns exact match
2. Clearing returns all FFCs
3. Partial name returns matching FFCs
4. Non-existing name returns no results",C356992 C200198,None
INV-010,Add address to FFC,Inventory > FFC Address,Functional,Critical,5min,"Admin logged in to Backend
FFC created [INV-002]","1. Open FFC > Click on Address widget
2. Verify Edit address blade opens with fields: Country, State/Province, City, Address line 1, Zip code, Email, Phone
3. Fill in Country field > Verify Ok button activates
4. Fill in remaining fields
5. Click Ok > Save
6. Reopen FFC blade > Verify address on widget","1. Edit address blade opens with correct fields
2. Country field is required, Ok activates after filling it
3. Address created and displayed on widget
4. Address persists after reopening",C357011 C200205,None
INV-011,Update FFC address,Inventory > FFC Address,Functional,High,3min,"Admin logged in to Backend
FFC with address [INV-010]","1. Open FFC > Address widget
2. Change content of address fields
3. Click Ok > Save
4. Reopen FFC blade > Verify address widget","Changed address is displayed and saved on the widget",C357007 C200195,Katalon
INV-012,Delete FFC address,Inventory > FFC Address,Functional,High,3min,"Admin logged in to Backend
FFC with address [INV-010]","1. Open FFC > Address widget
2. Click 'Delete'
3. Confirm deletion
4. Verify widget shows 'No address'","Address is deleted. 'No address' displayed on widget",C357015 C200207,Katalon
INV-013,View dynamic properties,Inventory > Dynamic Properties,Functional,Medium,3min,"Admin logged in to Backend
FFC exists","1. Open any FFC details page
2. Click on Dynamic properties widget
3. Verify Dynamic Properties blade opens","1. Number of properties displayed on widget
2. Blade opens with buttons: Ok, Cancel, Reset, Types of properties, Hide empty fields
3. Field with Properties values displayed",C357002,None
INV-014,Add dynamic property to FFC,Inventory > Dynamic Properties,Functional,High,5min,"Admin logged in to Backend
FFC exists","1. Open FFC > Dynamic properties widget > Types of properties
2. Verify blade with list of dynamic properties opens
3. Click 'Add'
4. Enter Property name
5. Choose property type (Multivalue, Multilanguage, Dictionary)
6. Choose Value type from drop-down
7. Click 'Create'","New property added to list. Number of properties increased by one on widget",C357003,None
INV-015,Set dynamic property value,Inventory > Dynamic Properties,Functional,Medium,3min,"Admin logged in to Backend
Dynamic property added [INV-014]","1. Open FFC > Dynamic properties widget
2. Set value for property
3. Click Ok > Save","Value saved. Ok button activates when value entered",C357005,None
INV-016,Update dynamic property,Inventory > Dynamic Properties,Functional,Medium,5min,"Admin logged in to Backend
Dynamic property with value [INV-015]","1. Open FFC > Dynamic properties widget > Types of properties
2. Click on property > Change name > Save
3. Change property value > Save","Property name is updated. Property value is updated",C357004,None
INV-017,Delete dynamic property,Inventory > Dynamic Properties,Functional,High,3min,"Admin logged in to Backend
Dynamic property exists","1. Open FFC > Dynamic properties widget > Types of properties
2. Click on property > Delete
3. Confirm deletion","Property deleted and no longer displayed. Number of properties decreased on widget",C357006,None
INV-018,Edit in stock quantity,Inventory > Stock Management,Functional,High,3min,"Admin logged in to Backend
Product with inventory exists","1. Open Catalog > Product > Fulfillment centers widget
2. Open FFC > Change 'In stock' value
3. Click 'Save'
4. Verify new value in table","1. New 'In stock' value is saved
2. 'In stock' value in the table is updated",C201537,None
INV-019,Order product > stock qty decreased,Inventory > Stock Management,Integration,High,5min,"Admin logged in to Backend and Storefront
Product with 'In stock' qty > 1
Track inventory = TRUE","1. Note current 'In stock' qty = X in Backend
2. Go to Storefront > Order product (qty = 1)
3. Return to Backend > Check 'In stock' value","'In stock' qty = X - 1 (initial quantity minus ordered)",C201538,None
INV-020,Order more items than available in FFC,Inventory > Stock Management,Integration,High,5min,"Admin logged in to Backend and Storefront
Only default FFC for store
Track inventory = TRUE","1. Go to Backend > Set 'In stock' to X
2. Go to Storefront > Add product to cart
3. Change quantity to X+1
4. Verify warning message
5. Change quantity back to X
6. Verify warning disappears","1. Warning: 'Product quantity exceeded! Available quantity is: X'
2. Warning disappears when qty = X, can order",C201539,None
INV-021,Available items from multiple FFCs,Inventory > Stock Management,Integration,High,8min,"Admin logged in to Backend and Storefront
Store has default FFC and at least one available FFC
Track inventory = TRUE","1. Go to Backend > Set default FFC 'In stock' = X
2. Set available FFC 'In stock' = Y
3. Go to Storefront > Add product to cart
4. Set quantity to X+Y > Verify no warning
5. Set quantity to X+Y+1 > Verify warning","1. No warning at qty X+Y — can order
2. Warning: 'Product quantity exceeded! Available quantity is: X+Y'",C201540,None
INV-022,In stock = 0 > item unavailable,Inventory > Stock Management,Integration,High,3min,"Track inventory = TRUE
Product 'In stock' = 0","1. Go to Storefront
2. Navigate to product with zero stock
3. Verify product availability","1. 'Add to cart' button inactive in details view
2. No 'Add to cart' button in list view
3. 'Sold out' label on item image",C201541,None
INV-023,Add to cart > Update inventory > Create order validation,Inventory > Stock Management,Integration,Medium,5min,"Admin logged in to Backend and Storefront
Product with inventory","1. Add product to cart on Storefront
2. Update inventory on Backend (reduce to 0)
3. Try to create order","Validation error displayed",C341053,None
INV-024,Track inventory = FALSE,Inventory > Track Inventory,Functional,High,8min,"Admin logged in to Backend and Storefront
Only default FFC for store","1. Go to Backend > Product > Switch off 'Track inventory' checkbox
2. Set 'In stock' = X in default FFC
3. Go to Storefront > Order product (qty < X)
4. Return to Backend > Verify 'In stock' still = X
5. Go to Storefront > Set cart qty > X","1. 'In stock' value unchanged (still X)
2. No warning message — can order qty higher than X",C199248,None
INV-025,Track inventory = TRUE,Inventory > Track Inventory,Functional,High,8min,"Admin logged in to Backend and Storefront
Only default FFC for store","1. Go to Backend > Product > Switch on 'Track inventory' checkbox
2. Set 'In stock' = X in default FFC
3. Go to Storefront > Order product (qty < X)
4. Return to Backend > Verify 'In stock' = X - ordered qty
5. Go to Storefront > Set cart qty > X","1. 'In stock' = X - ordered quantity
2. Warning: 'Product quantity exceeded! Available quantity is: X'",C199249,None
INV-026,Set default FFC for store,Inventory > Store Configuration,Functional,High,3min,"Admin logged in to Backend
Store and FFCs exist","1. Navigate to Store settings
2. Set default FFC for store
3. Save","Selected FFC is saved as default",C201535,None
INV-027,Set available FFC for store,Inventory > Store Configuration,Functional,Medium,3min,"Admin logged in to Backend
Store and FFCs exist","1. Navigate to Store settings
2. Set available FFC for store
3. Save","Selected FFC is saved as available",C201536,None
INV-028,Add new FFC from store,Inventory > Store Configuration,Functional,Medium,3min,"Admin logged in to Backend
Store exists","1. Navigate to Store > FFC configuration
2. Add new FFC
3. Save","New FFC is shown on the list of FFCs",C204132,None
INV-029,Add FFC with outerId via API,Inventory > API,Functional,Medium,5min,"Admin logged in to Backend
Swagger API accessible","1. Send POST /api/inventory/fulfillmentcenters/batch with body:
[{""name"": ""MyTest1"", ""outerId"": ""mytest1""}]
2. Verify response","Status 200 returned. FFC is created with outerId",C327758,None
INV-030,Update FFC outerId via API,Inventory > API,Functional,Medium,5min,"Admin logged in to Backend
FFC with outerId created [INV-029]","1. Send POST /api/inventory/fulfillmentcenters/batch or PUT /api/inventory/fulfillmentcenters with updated outerId
2. Verify response","Status 200 returned. OuterId is updated",C327759,None
INV-031,Permission > Access only,Inventory > Permissions,Security,High,5min,"Role_1 with permissions: catalog:access, catalog:read, inventory:access
Role_1 assigned to User_1","1. Login as User_1
2. Open Inventory module
3. Try to modify fulfillment centers","1. Fulfillment centers blade opens
2. Fulfillment centers cannot be modified",C239730,None
INV-032,Permission > Read,Inventory > Permissions,Security,High,5min,"Role_1 with permissions: catalog:access, catalog:read, inventory:read, inventory:access
Role_1 assigned to User_1","1. Login as User_1
2. Open Inventory > Open any FFC details","1. FFC details blade opens
2. Details cannot be modified",C239888,None
INV-033,Permission > Create,Inventory > Permissions,Security,High,5min,"Role_1 with permissions: catalog:access, catalog:read, inventory:read, inventory:access, inventory:create, inventory:fulfillment:edit
Role_1 assigned to User_1","1. Login as User_1
2. Open Inventory > Create new FFC","Fulfillment center created successfully",C239893,None
INV-034,Permission > Update,Inventory > Permissions,Security,High,5min,"Role_1 with permissions: catalog:access, catalog:read, inventory:read, inventory:access, inventory:update, inventory:fulfillment:edit
Role_1 assigned to User_1","1. Login as User_1
2. Open Inventory > Edit existing FFC > Save","Fulfillment center changes saved",C239894,None
INV-035,Permission > Delete,Inventory > Permissions,Security,High,5min,"Role_1 with permissions: catalog:access, catalog:read, inventory:read, inventory:access, inventory:delete
Role_1 assigned to User_1","1. Login as User_1
2. Open Inventory > Delete FFC","Fulfillment center deleted",C239895,None
INV-036,Permission > FFC Edit via Store,Inventory > Permissions,Security,High,5min,"Role_1 with permissions: store:access, store:read, inventory:fulfillment:edit
Role_1 assigned to User_1","1. Login as User_1
2. Navigate to Store > FFC section
3. Edit fulfillment center > Save","Fulfillment center changes saved",C239889,None
INV-037,Permission > FFC Delete via Store,Inventory > Permissions,Security,High,5min,"Role_1 with permissions: store:access, store:read, inventory:fulfillment:edit, inventory:fulfillment:delete
Role_1 assigned to User_1","1. Login as User_1
2. Navigate to Store > FFC section
3. Delete fulfillment center","Fulfillment center deleted",C239890,None
INV-038,Settings > Tooltips show/hide behavior,Inventory > Settings,Functional,Medium,5min,Admin logged in to Backend,"1. Open Settings > Inventory > General blade
2. Verify all tooltips are folded
3. Click blue question mark for field1 > Verify tooltip unfolds
4. Click blue question mark for field2 > Verify field2 unfolds and field1 folds
5. Click 'Hide' link > Verify all tooltips fold","All tooltips behave correctly: one at a time, folding/unfolding as expected",C338430,None
INV-039,Settings > Export/Import page size,Inventory > Settings,Functional,Medium,10min,"Admin logged in to Backend
Admin on Settings panel","1. Open Settings > Inventory > General
2. Change 'The page size being used for Export/Import' value (e.g. 1)
3. Click Save
4. Open Export & Import page > Export blade
5. Choose VirtoCommerce.Inventory
6. Click 'Start Export'
7. Verify progress bar updates with setting value","Changes saved. Progress bar updates with values from setting",C241979,None
INV-040,Settings > Enable log inventory changes,Inventory > Settings,Functional,Medium,8min,Admin logged in to Backend,"1. Open Settings > Inventory > General
2. Enable 'Log inventory changes'
3. Click Save
4. Open Catalog > Product > Fulfillment centers widget > Any FFC
5. Change 'In stock' value > Save
6. Check PlatformOperationLog table","Setting saved as enabled. New row was added to PlatformOperationLog",C273550,None
INV-041,Settings > Disable log inventory changes,Inventory > Settings,Functional,Medium,8min,Admin logged in to Backend,"1. Open Settings > Inventory > General
2. Disable 'Log inventory changes'
3. Click Save
4. Open Catalog > Product > Fulfillment centers widget > Any FFC
5. Change 'In stock' value > Save
6. Check PlatformOperationLog table","Setting saved as disabled. New row was NOT added to PlatformOperationLog",C273551,None
INV-042,Settings > Enable event-based indexation,Inventory > Settings,Functional,Medium,8min,Admin logged in to Backend,"1. Open Settings > Inventory > Search
2. Enable 'Enable event-based indexation for inventory entities'
3. Click Save > Restart
4. Open Catalog > Product > Fulfillment Centers widget
5. Change 'In stock' value > Save
6. Reopen edit blade > Check Indexation widget","Setting saved as enabled. System was reindexed after saving change",C241980,None
INV-043,Settings > Disable event-based indexation,Inventory > Settings,Functional,Medium,8min,Admin logged in to Backend,"1. Open Settings > Inventory > Search
2. Disable 'Enable event-based indexation for inventory entities'
3. Click Save > Restart
4. Open Catalog > Product > Fulfillment Centers widget
5. Change 'In stock' value > Save
6. Reopen edit blade > Check Indexation widget","Setting saved as disabled. System doesn't index after saving change",C241981,None
INV-044,"Stock per Fulfillment Center — Blade Reachable, Opens a Products View",Inventory > Stock per Fulfillment Center,Functional,High,8min,"Admin logged in to Backend; at least one fulfillment center has stocked products — @td(FC_EAST.id) (the store's MAIN fulfillment center, not ffcs[0])
Test data: ffc_id=@td(FC_EAST.id); ffc_name=@td(FC_EAST.name)","[NAV] Navigate to More > Inventory module
[GRID] In the Fulfillment centers grid, locate and open @td(FC_EAST.name)
[BLADE] Wait for the fulfillment center detail blade to open
[ACT] Click the ""Products"" tab/widget on the fulfillment center detail blade
[BLADE] Wait for the per-FFC products blade to open","[BLADE] A second blade opens titled with the fulfillment center's own name (e.g. @td(FC_EAST.name)), carrying a product-count badge {OBSERVED}
[GRID] The blade's grid header shows columns Image, Product, SKU, In stock quantity, Reserved quantity {OBSERVED}
[DOM] An ""In stock only"" filter checkbox is present and checked by default {OBSERVED}
[GRID] At least one row is rendered (grid is not stuck in a loading/error state) {SPEC}
Cross-layer: [API] The per-FFC products list is consistent with GET {{BACK_URL}}/api/inventory/fulfillmentcenters/@td(FC_EAST.id)/products (or the module's equivalent inventory-search endpoint) for the same FFC
[CONSOLE] No JS errors in the Admin SPA console while the blade loads
[NETWORK] No 4xx/5xx while opening the fulfillment center or Products blades
Failure signals: Products tab/widget missing or unresponsive; blade opens but never leaves a loading spinner; blade throws a JS error instead of rendering a grid; blade title does not match the selected fulfillment center",VCST-5546 | BL: BL-CAT-007 | Cleanup: none — read-only navigation,Draft
INV-045,Stock per Fulfillment Center — Only Non-Zero-Quantity Items Are Listed,Inventory > Stock per Fulfillment Center,Functional,Critical,8min,"Admin logged in to Backend
state from INV-44 (fulfillment center Products blade open for @td(FC_EAST.id), ""In stock only"" checked by default)
The selected FFC has a mix of items with non-zero stock and at least one item/SKU that is NOT stocked at this FFC at all (zero effective quantity)
Test data: ffc_id=@td(FC_EAST.id)","[GRID] With ""In stock only"" checked (default), read every row's ""In stock quantity"" cell on the current page
[ACT] Uncheck the ""In stock only"" checkbox
[WAIT] Grid refreshes
[GRID] Read every row's ""In stock quantity"" cell again with the filter off
[ACT] Re-check ""In stock only""
[WAIT] Grid refreshes back to the filtered view","[GRID] With ""In stock only"" checked, every visible row's ""In stock quantity"" value is greater than 0 — no zero-quantity row appears {OBSERVED}
[GRID] With ""In stock only"" unchecked, at least one additional row appears whose ""In stock quantity"" is 0, that was absent from the filtered view {SPEC}
[STATE] Re-checking ""In stock only"" removes the zero-quantity row(s) again, confirming the filter — not the underlying data — controls visibility {SPEC}
Cross-layer: [API] The filtered result set size is strictly less than or equal to the unfiltered result set size for the same FFC
[NETWORK] No 4xx/5xx on the filter-toggle requests
Failure signals: A zero-quantity item appears while ""In stock only"" is checked; unchecking the filter makes no difference to the row count; the total product count badge does not change between filtered/unfiltered views","VCST-5546 | BL: BL-CAT-007 | Cleanup: Restore ""In stock only"" to checked (default state) before leaving the blade",Draft
INV-046,Stock per Fulfillment Center — Quantity Agrees With the Product's Own Fulfillment Centers Widget,Inventory > Stock per Fulfillment Center,Functional,High,8min,"Admin logged in to Backend
state from INV-44 (fulfillment center Products blade open for @td(FC_EAST.id))
At least one product listed in that blade also has its own Catalog > Product > Fulfillment centers widget (the pre-existing per-product surface exercised by INV-040/INV-041)
Test data: ffc_id=@td(FC_EAST.id)","[GRID] In the per-FFC Products blade, note the ""In stock quantity"" and ""Reserved quantity"" for one specific listed product/SKU
[NAV] Navigate to Catalog module and open that same product
[ACT] Open the product's ""Fulfillment centers"" widget
[GRID] Locate the row for @td(FC_EAST.name) in that widget and read its stock quantity","[MATH] The ""In stock quantity"" shown in the per-FFC blade equals the quantity shown for the same FFC in the product's own Fulfillment centers widget {SPEC}
[STATE] Both surfaces identify the same fulfillment center by the same name {SPEC}
Cross-layer: [API] Both values ultimately resolve from the same inventory record for (productId, fulfillmentCenterId) — no divergent cache between the two Admin surfaces
[CONSOLE] No JS errors while opening either widget
Failure signals: The two surfaces disagree on quantity for the same product+FFC pair; one surface shows stale data after a change made via the other (would require a follow-up write case, out of scope here — flag as observed only)",VCST-5546 | BL: BL-CAT-007 | Cleanup: none — read-only comparison,Draft
INV-047,"Stock per Fulfillment Center — Variations Are Represented, Not Only Master Products",Inventory > Stock per Fulfillment Center,Functional,High,8min,"Admin logged in to Backend
A product with variations (e.g. a size/config family) has at least one variation SKU (not the master/parent SKU) with non-zero stock at @td(FC_EAST.id) — a dedicated variation+stock fixture must be seeded for this case (none confirmed live at authoring time; see report)
Test data: ffc_id=@td(FC_EAST.id)","[NAV] Navigate to More > Inventory module and open @td(FC_EAST.name)
[ACT] Open the ""Products"" tab
[GRID] This blade has no search or filter box. Sort by the ""In stock quantity"" column and page forward until the row whose SKU is @td(INV_VARIATION_STOCKED.sku) and whose In stock quantity equals @td(INV_VARIATION_STOCKED.stock) appears — this is Observation 1; record its Product Id
[GRID] Continue sorting/paging by the ""In stock quantity"" column until the row whose SKU is @td(INV_VARIATION_MASTER.sku) and whose In stock quantity equals @td(INV_VARIATION_MASTER.stock) appears on a different page — this is Observation 2; record its Product Id","[GRID] Observation 1 (variation page): the row with SKU @td(INV_VARIATION_STOCKED.sku) shows In stock quantity @td(INV_VARIATION_STOCKED.stock) and its own Product Id — record all three {SPEC}
[GRID] Observation 2 (master page, a different page from Observation 1): the row with SKU @td(INV_VARIATION_MASTER.sku) shows In stock quantity @td(INV_VARIATION_MASTER.stock) and its own Product Id — record all three {SPEC}
[GRID] The two recorded Product Ids differ, confirming the variation is represented as its own distinct record and not folded into the master's row {SPEC}
[DOM] Observation 1's row displays the variation's own product name @td(INV_VARIATION_STOCKED.name), not a generic master-product label {SPEC}
Cross-layer: [API] The per-FFC products response includes the variation as its own list entry, keyed by Observation 1's recorded Product Id — not folded into the master product's entry
Failure signals: Only master/parent products are listed and variations are silently omitted; a variation row is present but shows the master product's name/SKU instead of its own; variation quantity is merged into the master's total; the two recorded Product Ids are identical
Guard note: this fulfillment center carries roughly 1,864 pre-existing orphaned inventory rows (""There is no product item with this ID"", blank SKU — unrelated products deleted from the environment, not caused by this fixture). No assertion in this case may be phrased in terms of row counts or total page counts — both are unstable and unrelated to what this case proves.",VCST-5546 | BL: BL-CAT-007 | Cleanup: none — read-only navigation,Draft
INV-048,"Stock per Fulfillment Center — Empty FFC Renders an Empty State, Not an Error",Inventory > Stock per Fulfillment Center,Functional,Medium,8min,"Admin logged in to Backend; a fulfillment center with zero stocked products exists — @td(FC_INACTIVE.id)
Test data: ffc_id=@td(FC_INACTIVE.id); ffc_name=@td(FC_INACTIVE.name)","[NAV] Navigate to More > Inventory module
[GRID] Locate and open @td(FC_INACTIVE.name)
[BLADE] Wait for the fulfillment center detail blade to open (its Products tab shows a ""0"" badge)
[ACT] Click the ""Products"" tab/widget
[BLADE] Wait for the per-FFC products blade to open","[DOM] The grid area renders a ""No data"" placeholder — not a blank/white blade and not a JS error {OBSERVED}
[DOM] The ""In stock only"" filter checkbox is still present and interactive alongside the empty state {OBSERVED}
[BLADE] The blade title still shows the fulfillment center's name (e.g. @td(FC_INACTIVE.name)) {OBSERVED}
Cross-layer: [CONSOLE] No JS errors in the Admin SPA console for the zero-product FFC
[NETWORK] The underlying products request returns HTTP 200 with an empty result set — not a 4xx/5xx
Failure signals: Blank/white blade with no ""No data"" indicator; a JS error thrown instead of an empty state; the blade never finishes loading (infinite spinner); an error toast is shown for a legitimately empty FFC",VCST-5546 | BL: BL-CAT-007 | Cleanup: none — read-only navigation,Draft
