ID,Title,Section,Priority,Business_Rule,Edge_Case_Refs,Preconditions,Test_Data,Steps,Assertions,Cross_Layer_Checks,Failure_Signals,Cleanup,References,Automation_Status
BGJ-001,Health Endpoint Reports Active Engine,Background Jobs > Engine & Registration,Critical,,,"BackgroundJobs 3.1050.0 + migrated modules (Pricing 3.1006.0-pr-237-c5db, Inventory 3.1005.0-pr-164-5966, Store 3.1007.0-pr-174-26e4, Sitemaps 3.1004.0-pr-92-2e95, Orders 3.1014.0-pr-503-4875, Catalog 3.1041.0-pr-903-e5bf) deployed on {{BACK_URL}} (Platform 3.1058.0); active background-job engine is Hangfire (per VCST-5490)",back_url={{BACK_URL}},"[HTTP] GET {{BACK_URL}}/health (no Authorization header)
[WAIT] 200 response","[STATUS] response status is 200 {OBSERVED}
[BODY] ""Background jobs"" health entry present with Status=""Healthy"" {OBSERVED}
[BODY] ""Background jobs"" Description contains ""Active background-job engine 'Hangfire'."" {OBSERVED}","[EVENT] read-only probe, no platform event expected","5xx on /health, missing ""Background jobs"" key in response",none,VCST-5490,Draft
BGJ-002,Health Endpoint Reports Background-Job Store Provider,Background Jobs > Engine & Registration,High,,,"state from BGJ-001 (BackgroundJobs migration modules deployed on {{BACK_URL}}, Hangfire active)",back_url={{BACK_URL}},[HTTP] GET {{BACK_URL}}/health (no Authorization header),"[STATUS] response status is 200 {OBSERVED}
[BODY] ""Background jobs store"" health entry present with Status=""Healthy"" {OBSERVED}
[BODY] ""Background jobs store"" Description contains ""provider 'Hangfire'"" {OBSERVED}","[EVENT] read-only probe, no platform event expected","""Background jobs store"" key absent, Status != ""Healthy""",none,VCST-5490,Draft
BGJ-003,Health Endpoint Requires No Authentication,Background Jobs > Engine & Registration,Medium,,,"state from BGJ-001 (BackgroundJobs migration modules deployed on {{BACK_URL}}, Hangfire active)",back_url={{BACK_URL}},[HTTP] GET {{BACK_URL}}/health with NO Authorization header and NO cookies,"[STATUS] 200 without any Authorization header present {OBSERVED}
[HEADER] no WWW-Authenticate challenge header on the response {OBSERVED}","[EVENT] read-only probe, no platform event expected","401/403 on an endpoint documented as public, WWW-Authenticate header present",none,VCST-5490,Draft
BGJ-004,Registered-Jobs Endpoint Access Denied Without Authentication,Background Jobs > Engine & Registration,Critical,BL-AUTH-014,,"state from BGJ-001 (BackgroundJobs migration modules deployed on {{BACK_URL}}, Hangfire active)",back_url={{BACK_URL}},[HTTP] GET {{BACK_URL}}/api/background-jobs/registered (no Authorization header),"[STATUS] response status is 401 {OBSERVED}
[HEADER] no Location header on the 401 (direct status code, not a login-page redirect) {BL}",[EVENT] no job list disclosed to an unauthenticated caller,"200 returned without a token, a 302 redirect returned instead of a direct 401",none,VCST-5490,Draft
BGJ-005,Registered-Jobs Endpoint Lists All Migrated + Pre-Existing Handlers,Background Jobs > Engine & Registration,Critical,,,"state from BGJ-001 (BackgroundJobs migration modules deployed on {{BACK_URL}}, Hangfire active)","admin_email={{ADMIN_EMAIL}}, admin_password={{ADMIN_PASSWORD}}","[AUTH] POST {{BACK_URL}}/connect/token with grant_type=password, admin credentials — capture access_token
[HTTP] GET {{BACK_URL}}/api/background-jobs/registered with Bearer token","[STATUS] response status is 200 {OBSERVED}
[SCHEMA] response is a JSON array; each item has name, handlerType, payloadType, triggerable (boolean) {OBSERVED}
[BODY] array length >= 20 {OBSERVED}",[EVENT] no side effect — read-only listing,"Non-200 status, array shorter than 20 items, item missing triggerable field",none,VCST-5490,Draft
BGJ-006,Registered List Marks Every Migrated Handler's Triggerable Flag Correctly,Background Jobs > Engine & Registration,Critical,,,"state from BGJ-001 (BackgroundJobs migration modules deployed on {{BACK_URL}}, Hangfire active)","admin_email={{ADMIN_EMAIL}}, admin_password={{ADMIN_PASSWORD}}","[AUTH] POST {{BACK_URL}}/connect/token admin credentials — capture access_token
[HTTP] GET {{BACK_URL}}/api/background-jobs/registered with Bearer token","[BODY] RecalculateFulfillmentCenterDistanceJobHandler (Inventory) is present with triggerable = true {OBSERVED}
[BODY] SitemapDownloadJobHandler, SitemapExportToAssetsJobHandler, SitemapExportAllToAssetsJobHandler (Sitemaps) are all present with triggerable = true {OBSERVED}
[BODY] UpdateAutomaticLinksJobHandler, DeleteAutomaticLinksJobHandler, UpdateProductsJobHandler (Catalog) are all present with triggerable = true {OBSERVED}
[BODY] AdjustInventoryJobHandler, CancelPaymentJobHandler, RefundChangedJobHandler, LogOrderChangesJobHandler, SendOrderNotificationsJobHandler (Orders) are all present with triggerable = false {OBSERVED}
[BODY] SendUserEmailVerificationJobHandler (Store) is present with triggerable = false {OBSERVED}
[BODY] LogEntityChangesJobHandler is present with triggerable = false {OBSERVED}",[EVENT] no side effect — read-only listing; confirms the security-sensitive handlers (Orders/Store/audit-log) cannot be flipped to on-demand-triggerable by this migration,"Any handler above missing from the list, any Orders/Store/audit-log handler reporting triggerable = true (on-demand-trigger security hole)",none,VCST-5490,Draft
BGJ-007,"Recurring Endpoint Returns the 3 Live Schedules, Sitemap Entry Setting-Driven",Background Jobs > Engine & Registration,High,,,"state from BGJ-001 (BackgroundJobs migration modules deployed on {{BACK_URL}}, Hangfire active)","admin_email={{ADMIN_EMAIL}}, admin_password={{ADMIN_PASSWORD}}","[AUTH] POST {{BACK_URL}}/connect/token admin credentials — capture access_token
[HTTP] GET {{BACK_URL}}/api/background-jobs/recurring with Bearer token","[STATUS] response status is 200 {OBSERVED}
[SCHEMA] each item has id, cron, enabled, settingDriven, timeZone, handlerType, payloadType, lastRunUtc, nextRunUtc {OBSERVED}
[BODY] response contains an item with id=""SitemapExportAllToAssetsJobHandler"" {OBSERVED}
[BODY] that item has settingDriven = true, proving the recurring job registers during Module.cs Initialize rather than being lost if PostInitialize timing regressed {SPEC}",[EVENT] no side effect — read-only listing,"SitemapExportAllToAssetsJobHandler entry absent from recurring list, settingDriven = false (would mean the cron is hardcoded)",none,VCST-5490,Draft
BGJ-008,Enqueue Positive Control — Triggerable Handler Succeeds,Background Jobs > Enqueue Security Gate,Critical,,,"state from BGJ-001 (BackgroundJobs migration modules deployed on {{BACK_URL}}, Hangfire active)","admin_email={{ADMIN_EMAIL}}, admin_password={{ADMIN_PASSWORD}}","[AUTH] POST {{BACK_URL}}/connect/token admin credentials — capture access_token
[HTTP] POST {{BACK_URL}}/api/background-jobs/enqueue with Bearer token, body {""name"":""SitemapDownloadJobHandler"",""payload"":{}} — capture job id
[WAIT] up to 15s, poll [HTTP] GET {{BACK_URL}}/api/platform/jobs/{job_id} until completed=true","[STATUS] response status is 200 {OBSERVED}
[BODY] response body is a non-empty job id (string or number) {OBSERVED}
[BODY] polled job status reaches completed=true, state=""Failed"" — confirmed live (job id 176354 → GET /api/platform/jobs/176354 → {""state"":""Failed"",""completed"":true}): an empty payload leaves StoreId/BaseUrl/LocalTmpFolder/SitemapIds/Notification null, so the handler's own business logic fails even though the ENQUEUE gate accepted it {OBSERVED}","[EVENT] this case proves only that the triggerable/enqueue gate accepts the call — it does NOT prove the handler produces a sitemap file, which needs a real StoreId + Notification payload (not exercised here)","Non-200 status for a documented triggerable handler, empty/absent job id in response, polled status never reaches completed=true within 15s",none — SitemapDownloadJobHandler is idempotent and safe to leave enqueued; the Failed execution leaves no partial file on disk,VCST-5490,Draft
BGJ-009,Enqueue Refused — CancelPaymentJobHandler Is Internal,Background Jobs > Enqueue Security Gate,Critical,,,"state from BGJ-001 (BackgroundJobs migration modules deployed on {{BACK_URL}}, Hangfire active)","admin_email={{ADMIN_EMAIL}}, admin_password={{ADMIN_PASSWORD}}","[AUTH] POST {{BACK_URL}}/connect/token admin credentials — capture access_token
[HTTP] POST {{BACK_URL}}/api/background-jobs/enqueue with Bearer token, body {""name"":""CancelPaymentJobHandler"",""payload"":{}}","[STATUS] response status is 400 {OBSERVED}
[BODY] response body indicates ""CancelPaymentJobHandler"" is internal and cannot be triggered on demand {OBSERVED}",[EVENT] the handler's real side effect (payment/refund/inventory/log/email/notification) does NOT fire,"200 returned for CancelPaymentJobHandler (on-demand-trigger security hole), handler side effect observed despite the 400",none,VCST-5490,Draft
BGJ-010,Enqueue Refused — RefundChangedJobHandler Is Internal,Background Jobs > Enqueue Security Gate,Critical,,,"state from BGJ-001 (BackgroundJobs migration modules deployed on {{BACK_URL}}, Hangfire active)","admin_email={{ADMIN_EMAIL}}, admin_password={{ADMIN_PASSWORD}}","[AUTH] POST {{BACK_URL}}/connect/token admin credentials — capture access_token
[HTTP] POST {{BACK_URL}}/api/background-jobs/enqueue with Bearer token, body {""name"":""RefundChangedJobHandler"",""payload"":{}}","[STATUS] response status is 400 {OBSERVED}
[BODY] response body indicates ""RefundChangedJobHandler"" is internal and cannot be triggered on demand {OBSERVED}",[EVENT] the handler's real side effect (payment/refund/inventory/log/email/notification) does NOT fire,"200 returned for RefundChangedJobHandler (on-demand-trigger security hole), handler side effect observed despite the 400",none,VCST-5490,Draft
BGJ-011,Enqueue Refused — AdjustInventoryJobHandler Is Internal,Background Jobs > Enqueue Security Gate,Critical,,,"state from BGJ-001 (BackgroundJobs migration modules deployed on {{BACK_URL}}, Hangfire active)","admin_email={{ADMIN_EMAIL}}, admin_password={{ADMIN_PASSWORD}}","[AUTH] POST {{BACK_URL}}/connect/token admin credentials — capture access_token
[HTTP] POST {{BACK_URL}}/api/background-jobs/enqueue with Bearer token, body {""name"":""AdjustInventoryJobHandler"",""payload"":{}}","[STATUS] response status is 400 {OBSERVED}
[BODY] response body indicates ""AdjustInventoryJobHandler"" is internal and cannot be triggered on demand {OBSERVED}",[EVENT] the handler's real side effect (payment/refund/inventory/log/email/notification) does NOT fire,"200 returned for AdjustInventoryJobHandler (on-demand-trigger security hole), handler side effect observed despite the 400",none,VCST-5490,Draft
BGJ-012,Enqueue Refused — LogOrderChangesJobHandler Is Internal,Background Jobs > Enqueue Security Gate,High,,,"state from BGJ-001 (BackgroundJobs migration modules deployed on {{BACK_URL}}, Hangfire active)","admin_email={{ADMIN_EMAIL}}, admin_password={{ADMIN_PASSWORD}}","[AUTH] POST {{BACK_URL}}/connect/token admin credentials — capture access_token
[HTTP] POST {{BACK_URL}}/api/background-jobs/enqueue with Bearer token, body {""name"":""LogOrderChangesJobHandler"",""payload"":{}}","[STATUS] response status is 400 {OBSERVED}
[BODY] response body indicates ""LogOrderChangesJobHandler"" is internal and cannot be triggered on demand {OBSERVED}",[EVENT] the handler's real side effect (payment/refund/inventory/log/email/notification) does NOT fire,"200 returned for LogOrderChangesJobHandler (on-demand-trigger security hole), handler side effect observed despite the 400",none,VCST-5490,Draft
BGJ-013,Enqueue Refused — SendOrderNotificationsJobHandler Is Internal,Background Jobs > Enqueue Security Gate,High,,,"state from BGJ-001 (BackgroundJobs migration modules deployed on {{BACK_URL}}, Hangfire active)","admin_email={{ADMIN_EMAIL}}, admin_password={{ADMIN_PASSWORD}}","[AUTH] POST {{BACK_URL}}/connect/token admin credentials — capture access_token
[HTTP] POST {{BACK_URL}}/api/background-jobs/enqueue with Bearer token, body {""name"":""SendOrderNotificationsJobHandler"",""payload"":{}}","[STATUS] response status is 400 {OBSERVED}
[BODY] response body indicates ""SendOrderNotificationsJobHandler"" is internal and cannot be triggered on demand {OBSERVED}",[EVENT] the handler's real side effect (payment/refund/inventory/log/email/notification) does NOT fire,"200 returned for SendOrderNotificationsJobHandler (on-demand-trigger security hole), handler side effect observed despite the 400",none,VCST-5490,Draft
BGJ-014,Enqueue Refused — LogEntityChangesJobHandler Is Internal,Background Jobs > Enqueue Security Gate,Critical,,,"state from BGJ-001 (BackgroundJobs migration modules deployed on {{BACK_URL}}, Hangfire active)","admin_email={{ADMIN_EMAIL}}, admin_password={{ADMIN_PASSWORD}}","[AUTH] POST {{BACK_URL}}/connect/token admin credentials — capture access_token
[HTTP] POST {{BACK_URL}}/api/background-jobs/enqueue with Bearer token, body {""name"":""LogEntityChangesJobHandler"",""payload"":{}}","[STATUS] response status is 400 {OBSERVED}
[BODY] response body indicates ""LogEntityChangesJobHandler"" is internal and cannot be triggered on demand {OBSERVED}",[EVENT] the handler's real side effect (payment/refund/inventory/log/email/notification) does NOT fire,"200 returned for LogEntityChangesJobHandler (on-demand-trigger security hole), handler side effect observed despite the 400",none,VCST-5490,Draft
BGJ-015,Enqueue Refused — SendUserEmailVerificationJobHandler Is Internal,Background Jobs > Enqueue Security Gate,High,,,"state from BGJ-001 (BackgroundJobs migration modules deployed on {{BACK_URL}}, Hangfire active)","admin_email={{ADMIN_EMAIL}}, admin_password={{ADMIN_PASSWORD}}","[AUTH] POST {{BACK_URL}}/connect/token admin credentials — capture access_token
[HTTP] POST {{BACK_URL}}/api/background-jobs/enqueue with Bearer token, body {""name"":""SendUserEmailVerificationJobHandler"",""payload"":{}}","[STATUS] response status is 400 {OBSERVED}
[BODY] response body indicates ""SendUserEmailVerificationJobHandler"" is internal and cannot be triggered on demand {OBSERVED}",[EVENT] the handler's real side effect (payment/refund/inventory/log/email/notification) does NOT fire,"200 returned for SendUserEmailVerificationJobHandler (on-demand-trigger security hole), handler side effect observed despite the 400",none,VCST-5490,Draft
BGJ-016,Enqueue Unknown Handler Name Returns 404,Background Jobs > Enqueue Security Gate,Medium,,,"state from BGJ-001 (BackgroundJobs migration modules deployed on {{BACK_URL}}, Hangfire active)","admin_email={{ADMIN_EMAIL}}, admin_password={{ADMIN_PASSWORD}}","[AUTH] POST {{BACK_URL}}/connect/token admin credentials — capture access_token
[HTTP] POST {{BACK_URL}}/api/background-jobs/enqueue with Bearer token, body {""name"":""AGENT-TEST-NoSuchHandler"",""payload"":{}}","[STATUS] response status is 404 {OBSERVED}
[BODY] response body indicates no registered background job with that name {OBSERVED}",[EVENT] no side effect,"200/500 for a nonexistent handler name, 400 instead of the more specific 404",none,VCST-5490,Draft
BGJ-017,Enqueue Denied Without Authentication,Background Jobs > Enqueue Security Gate,Critical,BL-AUTH-014,,"state from BGJ-001 (BackgroundJobs migration modules deployed on {{BACK_URL}}, Hangfire active)",back_url={{BACK_URL}},"[HTTP] POST {{BACK_URL}}/api/background-jobs/enqueue with NO Authorization header, body {""name"":""SitemapDownloadJobHandler"",""payload"":{}}","[STATUS] response status is 401 {OBSERVED}
[BODY] response body does not disclose any job metadata alongside the 401 {OBSERVED}",[EVENT] no job is enqueued without authentication,"200 returned without a token — anyone could trigger jobs anonymously, a 302 redirect returned instead of a direct 401",none,VCST-5490,Draft
BGJ-018,Enqueue Forbidden for a Storefront Customer Identity (No Platform Role),Background Jobs > Enqueue Security Gate,Critical,"BL-AUTH-005, BL-AUTH-014",,"state from BGJ-001 (BackgroundJobs migration modules deployed on {{BACK_URL}}, Hangfire active)","customer_email={{USER_EMAIL}}, customer_password={{USER_PASSWORD}}, store_id={{STORE_ID}}","[AUTH] POST {{BACK_URL}}/connect/token with grant_type=password, {{USER_EMAIL}}/{{USER_PASSWORD}}, storeId={{STORE_ID}} — capture access_token
[HTTP] GET {{BACK_URL}}/api/background-jobs/registered with the customer's Bearer token","[STATUS] response status is 403 {OBSERVED}
[BODY] no job metadata disclosed in the 403 body {OBSERVED}","[EVENT] confirms background-jobs:read is a platform-role permission, not implied by any storefront login","200 returned for a storefront-only identity (permission gate bypassed), 401 returned instead of the correct 403 for an authenticated-but-forbidden caller",none,VCST-5490,Draft
BGJ-019,Enqueue Block on Internal Job Precedes Any Payload Processing,Background Jobs > Enqueue Security Gate,Critical,BL-ORD-008,,"state from BGJ-001 (BackgroundJobs migration modules deployed on {{BACK_URL}}, Hangfire active)","admin_email={{ADMIN_EMAIL}}, admin_password={{ADMIN_PASSWORD}}","[SETUP] GET {{BACK_URL}}/api/platform/changelog for an existing change-log entry — capture its id as forged_id (if none exists, use any existing entity id)
[AUTH] POST {{BACK_URL}}/connect/token admin credentials — capture access_token
[HTTP] POST {{BACK_URL}}/api/background-jobs/enqueue with Bearer token, body {""name"":""LogEntityChangesJobHandler"",""payload"":{""id"":""{forged_id}""}}","[STATUS] response status is 400, identical to an empty payload — the internal-job block short-circuits before payload inspection {OBSERVED}
[BODY] the forged existing-entity Id in the payload had no effect on the response {SPEC}",[DB] GET the same change-log entry again — its Patch/values are byte-identical to before the enqueue attempt (the audit trail stays append-only per BL-ORD-008),"200 returned because a crafted payload bypassed the triggerable gate, forged entry overwritten via the Patch branch (ChangeLogService.SaveChangesAsync)",none,VCST-5490,Draft
BGJ-020,Pricing Audit Log — PriceChangedEvent Writes a Change-Log Row When Enabled,Background Jobs > Per-Job Observable Outcome,High,BL-ORD-008,,"state from BGJ-001 (BackgroundJobs migration modules deployed on {{BACK_URL}}, Hangfire active); store setting LogPricingChanges enabled; @td(PRICELIST_USD.id) (""PL-USD-001"") and @td(PROD_DEFAULT.id) (""PROD-001"") are business keys, not live platform ids — confirmed live neither resolves directly, so both are re-resolved via [SETUP] discovery below","admin_email={{ADMIN_EMAIL}}, admin_password={{ADMIN_PASSWORD}}, pricelist_key=@td(PRICELIST_USD.id), product_sku=@td(PROD_DEFAULT.sku)","[AUTH] POST {{BACK_URL}}/connect/token admin credentials — capture access_token
[SETUP] POST {{BACK_URL}}/api/catalog/search/products filtered by code/sku matching product_sku — capture items[0].id as the live product_id
[SETUP] GET/POST {{BACK_URL}}/api/pricing/pricelists/search filtered by the business key pricelist_key or its name — capture the live pricelist_id
[SETUP] GET {{BACK_URL}}/api/pricing/pricelists/{pricelist_id}/prices to read the current price for product_id — capture current_price
[HTTP] PUT {{BACK_URL}}/api/products/prices with an array containing one ProductPrice entry for product_id on pricelist_id at a new value (confirmed route; the previous /api/pricing/pricelists/{id}/prices PUT does not exist)
[WAIT] up to 5s for the async LogEntityChangesJobHandler (Pricing) to run
[HTTP] GET {{BACK_URL}}/api/platform/changelog filtered to the price entity's id","[BODY] a new change-log row exists for the price entity, ObjectId matching product_id/pricelist_id and OperationType=""Modified"" {SPEC}
[BODY] verify what the change-log entry's Detail field actually carries for a Price change — confirmed live that OperationLog.Detail is null for Price/Store/Category/InventoryInfo entities, so no previous-value diff is expected in Detail; the entry's presence + ObjectId + timestamp + actor are the checkable fields {HYPOTHESIS}",[DB] GET the price again — persisted value matches what was PUT,"No new change-log row appears within 5s, product/pricelist discovery returns 0 results for the business key",PUT the price back to current_price via /api/products/prices,VCST-5490,Draft
BGJ-021,Pricing Audit Log — Change-Log Row Missing When LogPricingChanges Is Disabled,Background Jobs > Per-Job Observable Outcome,Medium,BL-ORD-008,,"state from BGJ-001 (BackgroundJobs migration modules deployed on {{BACK_URL}}, Hangfire active); store setting LogPricingChanges disabled for this test; @td(PRICELIST_USD.id)/@td(PROD_DEFAULT.id) are business keys, not live ids — re-resolved via [SETUP] discovery below","admin_email={{ADMIN_EMAIL}}, admin_password={{ADMIN_PASSWORD}}, pricelist_key=@td(PRICELIST_USD.id), product_sku=@td(PROD_DEFAULT.sku)","[SETUP] POST {{BACK_URL}}/api/platform/settings to disable the LogPricingChanges store setting
[AUTH] POST {{BACK_URL}}/connect/token admin credentials — capture access_token
[SETUP] POST {{BACK_URL}}/api/catalog/search/products filtered by code/sku matching product_sku — capture items[0].id as the live product_id
[SETUP] GET/POST {{BACK_URL}}/api/pricing/pricelists/search filtered by the business key pricelist_key or its name — capture the live pricelist_id
[SETUP] GET {{BACK_URL}}/api/pricing/pricelists/{pricelist_id}/prices — capture current_price
[HTTP] PUT {{BACK_URL}}/api/products/prices with an array containing one ProductPrice entry for product_id on pricelist_id (confirmed route; the previous /api/pricing/pricelists/{id}/prices PUT does not exist)
[WAIT] up to 5s
[HTTP] GET {{BACK_URL}}/api/platform/changelog filtered to the price entity's id","[BODY] no NEW change-log row appears for this price change while the setting is disabled {SPEC}
[DB] GET the price again — persisted value still reflects the change (the price change itself is NOT gated, only its audit logging is) {SPEC}","[EVENT] confirms LogPricingChanges gates only the audit-log side effect, not the write itself","A change-log row is written despite the setting being disabled, the price change itself is rejected",PUT the price back to current_price via /api/products/prices; re-enable LogPricingChanges,VCST-5490,Draft
BGJ-022,Inventory Audit Log — InventoryChangedEvent Writes a Change-Log Row When Enabled,Background Jobs > Per-Job Observable Outcome,High,BL-ORD-008,,"state from BGJ-001 (BackgroundJobs migration modules deployed on {{BACK_URL}}, Hangfire active); the Inventory module's entity-change-logging setting is enabled; @td(FC_WEST.id) (""FFC-002"") and @td(PROD_LOW_STOCK.id) (""PROD-102"") are business keys, not live ids — re-resolved via [SETUP] discovery below","admin_email={{ADMIN_EMAIL}}, admin_password={{ADMIN_PASSWORD}}, fc_code=@td(FC_WEST.code), product_sku=@td(PROD_LOW_STOCK.sku)","[AUTH] POST {{BACK_URL}}/connect/token admin credentials — capture access_token
[SETUP] POST {{BACK_URL}}/api/catalog/search/products filtered by code/sku matching product_sku — capture items[0].id as the live product_id
[SETUP] GET {{BACK_URL}}/api/inventory/fulfillmentcenters/search filtered by code matching fc_code — capture the live fc_id
[SETUP] GET {{BACK_URL}}/api/inventory/products/{product_id} to read current stock at fc_id — capture current_qty (confirmed route; the previous bare /api/inventory/{product_id} does not exist)
[HTTP] PUT {{BACK_URL}}/api/inventory/products/{product_id} to adjust the inventory record's InStockQuantity by +1 at fc_id (confirmed route; the previous bare PUT /api/inventory does not exist)
[WAIT] up to 5s for the async LogEntityChangesJobHandler (Inventory) to run
[HTTP] GET {{BACK_URL}}/api/platform/changelog filtered to the inventory entity's id","[BODY] a new change-log row exists for the inventory entity, ObjectId matching the inventory record and OperationType=""Modified"" {SPEC}
[DB] GET inventory again — InStockQuantity = current_qty + 1 {SPEC}",[EVENT] confirms the Inventory module's own LogEntityChangesJobHandler registration fires independently of Pricing's,"No new change-log row within 5s despite the setting being enabled, InStockQuantity not persisted, product/FC discovery returns 0 results for the business key",PUT the inventory record back to current_qty via /api/inventory/products/{product_id},VCST-5490,Draft
BGJ-023,Inventory FC-Distance Recalculation on GeoLocation Change,Background Jobs > Per-Job Observable Outcome,High,,,"state from BGJ-001 (BackgroundJobs migration modules deployed on {{BACK_URL}}, Hangfire active); @td(FC_WEST.id) (""FFC-002"") is a business key, not a live id — re-resolved via [SETUP] discovery below; the FC-distance observable is the xAPI fulfillmentCenter query, not a REST /nearby endpoint (which does not exist — REST FulfillmentCenter has no distance field)","admin_email={{ADMIN_EMAIL}}, admin_password={{ADMIN_PASSWORD}}, fc_code=@td(FC_WEST.code)","[AUTH] POST {{BACK_URL}}/connect/token admin credentials — capture access_token
[SETUP] GET {{BACK_URL}}/api/inventory/fulfillmentcenters/search filtered by code matching fc_code — capture the live fc_id
[SETUP] GET {{BACK_URL}}/api/inventory/fulfillmentcenters/{fc_id} — capture current GeoLocation (lat/lng) as original_geo
[HTTP] PUT {{BACK_URL}}/api/inventory/fulfillmentcenters/{fc_id} with GeoLocation changed to ""40.7128,-74.0060""
[WAIT] up to 10s for RecalculateFulfillmentCenterDistanceJobHandler to run
[HTTP] POST {{BACK_URL}}/graphql with a fulfillmentCenter(id: fc_id) { nearest } query (confirmed route/field name by the coordinator against a live run; the exact sub-fields returned under `nearest` are NOT yet confirmed by this suite — verify against live schema introspection before finalizing)","[BODY] verify whether the FC's `nearest` value/distance changed from its pre-edit reading {HYPOTHESIS}
[BODY] no 500/GraphQL errors[] and no stale (unchanged) `nearest` value after the wait window {SPEC}",[EVENT] FulfillmentCenterChangedEvent fired exactly once for this single edit,"`nearest` value unchanged after 10s, 500/GraphQL error during recalculation, FC discovery returns 0 results for the business key",PUT GeoLocation back to original_geo,VCST-5490,Draft
BGJ-024,Store Audit Log — StoreChangedEvent Writes a Change-Log Row,Background Jobs > Per-Job Observable Outcome,Medium,BL-ORD-008,,"state from BGJ-001 (BackgroundJobs migration modules deployed on {{BACK_URL}}, Hangfire active)","admin_email={{ADMIN_EMAIL}}, admin_password={{ADMIN_PASSWORD}}, store_id=@td(STORE_PRIMARY.id)","[AUTH] POST {{BACK_URL}}/connect/token admin credentials — capture access_token
[SETUP] GET {{BACK_URL}}/api/stores/{store_id} — capture the full store object (including current Description as original_description)
[HTTP] PUT {{BACK_URL}}/api/stores with the captured store object, Description changed to an AGENT-TEST- prefixed string, in the request body (confirmed route; PUT /api/stores/{id} does not exist — the store id is carried in the body, not the path)
[WAIT] up to 5s for the async LogEntityChangesJobHandler (Store) to run
[HTTP] GET {{BACK_URL}}/api/platform/changelog filtered to the store entity's id","[BODY] a new change-log row exists for the store entity reflecting the description change {SPEC}
[DB] GET the store again — Description matches the AGENT-TEST- value {SPEC}",[EVENT] confirms the Store module's own LogEntityChangesJobHandler registration fires independently of the other three modules,"No new change-log row within 5s, Description not persisted",PUT Description back to original_description,VCST-5490,Draft
BGJ-025,Store — Registration Queues a User-Verification Email,Background Jobs > Per-Job Observable Outcome,High,BL-AUTH-002,,"state from BGJ-001 (BackgroundJobs migration modules deployed on {{BACK_URL}}, Hangfire active)","back_url={{BACK_URL}}, store_id={{STORE_ID}}, new_email=random-data(uniqueEmail, AGENT-TEST- prefix)","[HTTP] POST {{BACK_URL}}/api/members/register (or the storefront register mutation) with new_email, a random password, storeId={{STORE_ID}}
[WAIT] up to 10s for SendUserEmailVerificationJobHandler (UserVerificationEmailEvent) to run","[BODY] registration succeeds (201/200) {SPEC}
[EMAIL] a verification email notification is queued/sent for new_email within 10s (check Admin → Notification activity feed) {SPEC}",[ADMIN] the new member appears in Admin → Members with an unverified email flag,"Registration succeeds but no verification email is queued, 500 on registration",Delete the AGENT-TEST- member created for this test via Admin/API,VCST-5490,Draft
BGJ-026,Sitemaps On-Demand Download Produces a Reachable File,Background Jobs > Per-Job Observable Outcome,High,,,"state from BGJ-001 (BackgroundJobs migration modules deployed on {{BACK_URL}}, Hangfire active); confirmed route: GET /api/sitemaps/download?storeId=&baseUrl= (the previous GET /api/sitemaps/{store_id}/download does not exist); confirmed response shape: a push-notification JSON, NOT the XML file itself — the file arrives asynchronously at notification.downloadUrl","admin_email={{ADMIN_EMAIL}}, admin_password={{ADMIN_PASSWORD}}, store_id={{STORE_ID}}, front_url={{FRONT_URL}}","[AUTH] POST {{BACK_URL}}/connect/token admin credentials — capture access_token
[HTTP] GET {{BACK_URL}}/api/sitemaps/download?storeId={store_id}&baseUrl={front_url} with Bearer token — capture the notification id from the response
[WAIT] up to 30s, poll the push-notification (e.g. GET {{BACK_URL}}/api/platform/pushnotifications or the sitemaps module's own notification read endpoint) until it completes — capture notification.downloadUrl
[HTTP] GET the captured notification.downloadUrl","[STATUS] the initial GET /api/sitemaps/download call returns 200 with a notification payload (not a 200-with-XML-body) {SPEC}
[BODY] the polled notification reaches a completed/finished state within 30s with a non-empty downloadUrl {SPEC}
[STATUS] fetching downloadUrl returns 200 with a well-formed sitemap XML (<urlset> or <sitemapindex> root) {SPEC}","[EVENT] SitemapDownloadJobHandler runs asynchronously and reports completion via push notification, not a synchronous file response","Non-200 status on the initial call, notification never completes within 30s, downloadUrl 404s, malformed XML at downloadUrl",none,VCST-5490,Draft
BGJ-027,Sitemaps Export-To-Assets Produces a Stored Asset,Background Jobs > Per-Job Observable Outcome,Medium,,,"state from BGJ-001 (BackgroundJobs migration modules deployed on {{BACK_URL}}, Hangfire active); confirmed route: GET /api/sitemaps/exportToStoreAssets?storeId=&baseUrl= (the previous POST /api/sitemaps/{store_id}/exportToAssets does not exist); polling GET /api/platform/jobs/{id} is NOT a trustworthy completion signal for this case — confirmed live that endpoint returns completed:true for ANY unknown id, so the real observable is the asset itself","admin_email={{ADMIN_EMAIL}}, admin_password={{ADMIN_PASSWORD}}, store_id={{STORE_ID}}, front_url={{FRONT_URL}}","[AUTH] POST {{BACK_URL}}/connect/token admin credentials — capture access_token
[SETUP] GET {{BACK_URL}}/api/assets (or the store's asset-folder listing) filtered to the sitemap asset path — capture its current ModifiedDate (or absence) as before_state
[HTTP] GET {{BACK_URL}}/api/sitemaps/exportToStoreAssets?storeId={store_id}&baseUrl={front_url} with Bearer token
[WAIT] up to 30s
[HTTP] GET {{BACK_URL}}/api/assets (or the store's asset-folder listing) filtered to the sitemap asset path again","[STATUS] the export call returns 200 {SPEC}
[BODY] the sitemap asset's ModifiedDate is newer than before_state (or the asset now exists where it didn't before) within 30s {SPEC}","[EVENT] SitemapExportToAssetsJobHandler runs asynchronously; its real completion signal is the asset store, not the generic job-status endpoint (which cannot be trusted to report Failed/unknown accurately)","Non-200 status on the export call, sitemap asset ModifiedDate unchanged after 30s",none — exported asset overwrite is idempotent,VCST-5490,Draft
BGJ-028,Sitemaps Export-All-To-Assets Runs When Manually Triggered,Background Jobs > Per-Job Observable Outcome,Medium,,,"state from BGJ-001 (BackgroundJobs migration modules deployed on {{BACK_URL}}, Hangfire active); Sitemap.ExportToAssets.EnableExportToAssetsJob store setting temporarily enabled for this test","admin_email={{ADMIN_EMAIL}}, admin_password={{ADMIN_PASSWORD}}","[SETUP] POST {{BACK_URL}}/api/platform/settings to enable Sitemap.ExportToAssets.EnableExportToAssetsJob (PUT on this endpoint returns 405 Method Not Allowed — confirmed live; POST is the save verb)
[AUTH] POST {{BACK_URL}}/connect/token admin credentials — capture access_token
[HTTP] POST {{BACK_URL}}/api/background-jobs/enqueue with body {""name"":""SitemapExportAllToAssetsJobHandler"",""payload"":{}} — capture job id
[WAIT] up to 60s, poll [HTTP] GET {{BACK_URL}}/api/platform/jobs/{job_id} until completed=true","[STATUS] enqueue returns 200 (handler is triggerable=true, confirmed live in BGJ-006) {OBSERVED}
[BODY] verify whether polled job status reaches completed=true with a Success (not Failed) state within 60s — BGJ-008 found that an empty payload on the sibling SitemapDownloadJobHandler always ends state=Failed (null StoreId/BaseUrl/etc.), so this handler may need the same scrutiny {HYPOTHESIS}","[EVENT] all store sitemaps are exported to assets, not just one store's — NOT yet confirmed live for this handler with an empty payload (see the Assertions caveat)","Job never completes, 400 despite the handler being documented triggerable, 405 returned instead of a successful settings save","POST {{BACK_URL}}/api/platform/settings to restore Sitemap.ExportToAssets.EnableExportToAssetsJob to its observed defaultValue (false) — the setting has no unset/null state to return to (posting value:null returns 204 but is silently ignored), so this must post the explicit default rather than ""unset"" it",VCST-5490,Draft
BGJ-029,Orders — Zero-Reservation Fixture Does Not Fail AdjustInventoryJobHandler,Background Jobs > Per-Job Observable Outcome,Critical,BL-ORD-002,,"state from BGJ-001 (BackgroundJobs migration modules deployed on {{BACK_URL}}, Hangfire active); store setting ""Adjust inventory on order cancellation"" enabled; the PROCESSING_ORDER fixture is a directly-seeded order with NO IInventoryReservationService reservation behind it — so a stock-quantity-delta assertion would not hold even on a correct build (there is nothing to release). The confirmed, stable observable is instead whether the handler itself completes without landing in Hangfire's Failed queue when it finds no reservation to release","admin_email={{ADMIN_EMAIL}}, admin_password={{ADMIN_PASSWORD}}, order_id=@td(PROCESSING_ORDER.id)","[AUTH] POST {{BACK_URL}}/connect/token admin credentials — capture access_token
[SETUP] GET {{BACK_URL}}/api/order/customerOrders/{order_id} — confirm the order carries an in-payment (any status) before proceeding
[HTTP] PUT {{BACK_URL}}/api/order/customerOrders to set order_id status to Cancelled (a save that carries a payment, triggering OrderChangedEvent)
[WAIT] up to 10s for AdjustInventoryJobHandler (OrderChangedEvent) to run
[HTTP] navigate {{BACK_URL}}/hangfire with admin session — inspect the Failed jobs list filtered to the last 1 minute","[BODY] order status = Cancelled {BL}
[BODY] no AdjustInventoryJobHandler entry for this order/timeframe appears in the Hangfire Failed queue — the handler tolerates ""no reservation to release"" without throwing {SPEC}",[DB] GET the order again — status persisted as Cancelled,"AdjustInventoryJobHandler appears in the Failed queue for this order/timeframe, order stuck mid-transition",none — order intentionally left Cancelled; do not reuse the PROCESSING_ORDER fixture as a Processing-status order after this run,VCST-5490,Draft
BGJ-032,Orders — Order Change Writes a Complete Audit-Trail Entry,Background Jobs > Per-Job Observable Outcome,High,BL-ORD-008,,"state from BGJ-001 (BackgroundJobs migration modules deployed on {{BACK_URL}}, Hangfire active); order change logging enabled","admin_email={{ADMIN_EMAIL}}, admin_password={{ADMIN_PASSWORD}}, order_id=@td(PROCESSING_ORDER.id)","[AUTH] POST {{BACK_URL}}/connect/token admin credentials — capture access_token
[HTTP] PUT {{BACK_URL}}/api/order/customerOrders to change order_id's Status dictionary value
[WAIT] up to 10s for LogOrderChangesJobHandler (OrderChangedEvent) to run
[HTTP] GET {{BACK_URL}}/api/order/customerOrders/{order_id}/changes","[BODY] a new entry exists recording actor, timestamp, previous state, new state for this status change {BL}
[BODY] the audit trail is append-only — the prior entries are unchanged, none removed {BL}",[ADMIN] the same change is visible from the order detail blade's change-log widget,"No new /changes entry within 10s, actor recorded as ""system"" for this manual admin action",none,VCST-5490,Draft
BGJ-033,Orders — Notification-Worthy Change Sends an Order Notification,Background Jobs > Per-Job Observable Outcome,High,"BL-NOTIF-001, BL-NOTIF-003",,"state from BGJ-001 (BackgroundJobs migration modules deployed on {{BACK_URL}}, Hangfire active)","admin_email={{ADMIN_EMAIL}}, admin_password={{ADMIN_PASSWORD}}, order_id=@td(PROCESSING_ORDER.id)","[AUTH] POST {{BACK_URL}}/connect/token admin credentials — capture access_token
[HTTP] PUT {{BACK_URL}}/api/order/customerOrders to advance order_id to a notification-worthy status (e.g. shipped)
[WAIT] up to 10s for SendOrderNotificationsJobHandler (OrderChangedEvent) to run","[EMAIL] exactly one order-status notification is queued/sent for this transition (Admin → Notification activity feed) {BL}
[EMAIL] no duplicate notification for the same transition {BL}",[ADMIN] Notification activity feed shows sent/queued status for this order,"Zero or 2+ notifications for the one transition, order update itself blocked by a notification failure (BL-NOTIF-003)",none,VCST-5490,Draft
BGJ-034,Catalog — Update Automatic Links via On-Demand Endpoint (BLOCKED — No Observable Change Found on Either Engine),Background Jobs > Per-Job Observable Outcome,Medium,,,"state from BGJ-001 (BackgroundJobs migration modules deployed on {{BACK_URL}}, Hangfire active); polling GET /api/platform/jobs/{id} is NOT a trustworthy completion signal — confirmed live that endpoint returns completed:true for ANY unknown id, so the real observable is the category's own automatic-links state, not the generic job-status endpoint. UPDATED 2026-08-17, confirmed live on BOTH engines, do not re-derive: the endpoint returns 204 (not 200), and after_links was measured IDENTICAL to before_links after 64s on one category and after 8 minutes on a second category that genuinely carries 30 automatic links — on Hangfire AND on RabbitMQ. Whether this is a product defect (the recompute silently does nothing) or an API-observability gap (the recompute happened but nothing exposes it at this endpoint) is UNRESOLVED. This case reports BLOCKED:PRECONDITION_UNMET:NO_OBSERVABLE_CHANGE_CONFIRMED — do not assert PASS or FAIL until someone diagnoses which it is; guessing here would be fabricating a verdict neither confirmed live.","admin_email={{ADMIN_EMAIL}}, admin_password={{ADMIN_PASSWORD}}","[SETUP] GET {{BACK_URL}}/api/catalog/categories/search with take=1 to discover a live category id — capture category_id
[AUTH] POST {{BACK_URL}}/connect/token admin credentials — capture access_token
[SETUP] GET the category's current automatic/linked products (e.g. via the category detail or its linked-products listing) — capture before_links
[HTTP] POST {{BACK_URL}}/api/catalog/categories/{category_id}/automatic-links with Bearer token
[WAIT] up to 30s (confirmed live: even 8 minutes did not change the outcome on a 30-link category, so this case is not expected to resolve by waiting longer)
[HTTP] GET the category's automatic/linked products again — capture after_links","[STATUS] the POST call returns 204 (UpdateAutomaticLinksJobHandler is triggerable=true, confirmed live in BGJ-006) {OBSERVED}
[BODY] verify whether after_links EVER differs from before_links — confirmed live as of 2026-08-17 that it does NOT within 64s, nor within 8 minutes on a category with 30 real links, on either engine; report BLOCKED, not PASS/FAIL, until this is diagnosed as a product defect vs. an observability gap {HYPOTHESIS}",[SEARCH] the category's automatic-links product set is reflected in search within the BL-CROSS-009 120s window — also unconfirmed pending the same diagnosis,"Non-204 status despite handler being triggerable (a true FAIL, independent of the BLOCKED question above)",none — automatic-links recompute is idempotent,VCST-5490,Draft
BGJ-035,Catalog — Delete Automatic Links via On-Demand Endpoint (BLOCKED — No Observable Change Found on Either Engine),Background Jobs > Per-Job Observable Outcome,Medium,,,"state from BGJ-001 (BackgroundJobs migration modules deployed on {{BACK_URL}}, Hangfire active); polling GET /api/platform/jobs/{id} is NOT a trustworthy completion signal — confirmed live that endpoint returns completed:true for ANY unknown id, so the real observable is the category's own automatic-links state, not the generic job-status endpoint. UPDATED 2026-08-17, confirmed live on BOTH engines, do not re-derive: the endpoint returns 204 (not 200), and after_links was measured IDENTICAL to before_links after 64s on one category and after 8 minutes on a second category that genuinely carries 30 automatic links — on Hangfire AND on RabbitMQ. Whether this is a product defect or an API-observability gap is UNRESOLVED. This case reports BLOCKED:PRECONDITION_UNMET:NO_OBSERVABLE_CHANGE_CONFIRMED — do not assert PASS or FAIL until someone diagnoses which it is.","admin_email={{ADMIN_EMAIL}}, admin_password={{ADMIN_PASSWORD}}","[SETUP] GET {{BACK_URL}}/api/catalog/categories/search with take=1 to discover a live category id with existing automatic links — capture category_id
[AUTH] POST {{BACK_URL}}/connect/token admin credentials — capture access_token
[SETUP] GET the category's current automatic/linked products — capture before_links (must be non-empty for this case to be meaningful)
[HTTP] DELETE {{BACK_URL}}/api/catalog/categories/{category_id}/automatic-links with Bearer token
[WAIT] up to 30s (confirmed live: even 8 minutes did not change the outcome on a 30-link category, so this case is not expected to resolve by waiting longer)
[HTTP] GET the category's automatic/linked products again — capture after_links","[STATUS] the DELETE call returns 204 (DeleteAutomaticLinksJobHandler is triggerable=true, confirmed live in BGJ-006) {OBSERVED}
[BODY] verify whether after_links is EVER empty where before_links was non-empty — confirmed live as of 2026-08-17 that it is NOT within 64s, nor within 8 minutes on a category with 30 real links, on either engine; report BLOCKED, not PASS/FAIL, until this is diagnosed as a product defect vs. an observability gap {HYPOTHESIS}",[SEARCH] the category's automatic-links product set is cleared in search within the BL-CROSS-009 120s window — also unconfirmed pending the same diagnosis,"Non-204 status (a true FAIL, independent of the BLOCKED question above)",none — re-run BGJ-034 afterward if the category's links are needed by later cases,VCST-5490,Draft
BGJ-036,Catalog — Category Re-Parent Cascades to Owned Child Products,Background Jobs > Per-Job Observable Outcome,High,BL-CAT-011,,"state from BGJ-001 (BackgroundJobs migration modules deployed on {{BACK_URL}}, Hangfire active); confirmed route: PATCH /api/catalog/categories/{id} with a JSON-patch array (PUT /api/catalog/categories does not exist, and POST with the full GET-response body returns 500 ""Object reference not set..."")","admin_email={{ADMIN_EMAIL}}, admin_password={{ADMIN_PASSWORD}}","[SETUP] GET {{BACK_URL}}/api/catalog/categories/search to discover a live leaf category with >=1 owned product — capture category_id, catalog_id
[AUTH] POST {{BACK_URL}}/connect/token admin credentials — capture access_token
[HTTP] PATCH {{BACK_URL}}/api/catalog/categories/{category_id} with a JSON-patch array (e.g. [{""op"":""replace"",""path"":""/isActive"",""value"":<flipped>}]) to change category_id's visibility flag (parent/visibility change per UpdateProductsJobHandler's trigger)
[WAIT] up to 10s for UpdateProductsJobHandler (CategoryChangedEvent) to run
[HTTP] GET {{BACK_URL}}/api/catalog/products for the owned child products under category_id","[BODY] the owned child products' records were re-saved to reflect the category's new visibility (ModifiedDate advances) {SPEC}
[BODY] a LINKED (non-owned) product referencing category_id, if any, is unaffected {BL}",[SEARCH] child products' visibility is reflected in search within the BL-CROSS-009 120s window,"500 ""Object reference not set..."" from a malformed PATCH body, owned child products not re-saved, a linked non-owned product incorrectly mutated",PATCH category_id's visibility flag back to its original value,VCST-5490,Draft
BGJ-037,Catalog Audit Log — Category/Product Change Writes a Change-Log Row,Background Jobs > Per-Job Observable Outcome,Medium,BL-ORD-008,,"state from BGJ-001 (BackgroundJobs migration modules deployed on {{BACK_URL}}, Hangfire active); confirmed route: PATCH /api/catalog/categories/{id} with a JSON-patch array (PUT /api/catalog/categories does not exist, and POST with the full GET-response body returns 500 ""Object reference not set..."")","admin_email={{ADMIN_EMAIL}}, admin_password={{ADMIN_PASSWORD}}","[SETUP] GET {{BACK_URL}}/api/catalog/categories/search to discover a live category — capture category_id
[AUTH] POST {{BACK_URL}}/connect/token admin credentials — capture access_token
[HTTP] PATCH {{BACK_URL}}/api/catalog/categories/{category_id} with a JSON-patch array (e.g. [{""op"":""replace"",""path"":""/name"",""value"":""<AGENT-TEST- prefixed value>""}])
[WAIT] up to 5s for the Catalog LogEntityChangesJobHandler to run
[HTTP] GET {{BACK_URL}}/api/platform/changelog filtered to the category entity's id","[BODY] a new change-log row exists recording the name change {SPEC}
[DB] GET the category again — name persisted as the AGENT-TEST- value {SPEC}","[EVENT] confirms the Catalog module's own LogEntityChangesJobHandler registration fires for category edits, not only product edits","500 ""Object reference not set..."" from a malformed PATCH body, no new change-log row within 5s, name not persisted",PATCH category_id's name back to its original value,VCST-5490,Draft
BGJ-038,Recurring Toggle — Enabling the Store Setting Flips the Schedule On,Background Jobs > Recurring Sitemap Export Toggle,High,,,"state from BGJ-001 (BackgroundJobs migration modules deployed on {{BACK_URL}}, Hangfire active)","admin_email={{ADMIN_EMAIL}}, admin_password={{ADMIN_PASSWORD}}","[AUTH] POST {{BACK_URL}}/connect/token admin credentials — capture access_token
[SETUP] GET {{BACK_URL}}/api/background-jobs/recurring — capture the SitemapExportAllToAssetsJobHandler entry's current enabled/nextRunUtc
[HTTP] POST {{BACK_URL}}/api/platform/settings to set Sitemap.ExportToAssets.EnableExportToAssetsJob = true (PUT on this endpoint returns 405 Method Not Allowed — confirmed live; POST is the save verb)
[WAIT] up to 5s for the setting to propagate to the recurring-job scheduler
[HTTP] GET {{BACK_URL}}/api/background-jobs/recurring","[BODY] SitemapExportAllToAssetsJobHandler entry now has enabled = true {SPEC}
[BODY] nextRunUtc is a non-null future timestamp, recomputed from the cron expression {SPEC}",[EVENT] confirms the recurring-job registration reacts to a live setting change without a restart,"enabled stays false after the setting flips, nextRunUtc remains null, 405 returned instead of a successful save","POST {{BACK_URL}}/api/platform/settings to restore Sitemap.ExportToAssets.EnableExportToAssetsJob to its observed defaultValue (false) — the setting has no unset/null state to return to (posting value:null returns 204 but is silently ignored, confirmed live), so cleanup must post the explicit default rather than ""unset"" it; the stored representation ends up explicit rather than null, though effective behavior is identical to the pre-test state",VCST-5490,Draft
BGJ-039,Recurring Toggle — Disabling the Store Setting Flips the Schedule Off (Negative Path),Background Jobs > Recurring Sitemap Export Toggle,High,,,state from BGJ-038 (Sitemap.ExportToAssets.EnableExportToAssetsJob currently true),"admin_email={{ADMIN_EMAIL}}, admin_password={{ADMIN_PASSWORD}}","[AUTH] POST {{BACK_URL}}/connect/token admin credentials — capture access_token
[HTTP] POST {{BACK_URL}}/api/platform/settings to set Sitemap.ExportToAssets.EnableExportToAssetsJob = false (PUT on this endpoint returns 405 Method Not Allowed — confirmed live; POST is the save verb)
[WAIT] up to 5s
[HTTP] GET {{BACK_URL}}/api/background-jobs/recurring","[BODY] SitemapExportAllToAssetsJobHandler entry now has enabled = false, matching the disabled state confirmed live on this env 2026-08-13 {OBSERVED}
[BODY] nextRunUtc is null while disabled {OBSERVED}",[EVENT] confirms the OFF path is symmetric with the ON path in BGJ-038,"enabled stays true after disabling, nextRunUtc still populated while disabled, 405 returned instead of a successful save","none — this POST lands the setting on its observed default (false), which is also the env's original state",VCST-5490,Draft
BGJ-040,Recurring Toggle — Cron Expression Setting Change Is Reflected,Background Jobs > Recurring Sitemap Export Toggle,Medium,,,"state from BGJ-001 (BackgroundJobs migration modules deployed on {{BACK_URL}}, Hangfire active)","admin_email={{ADMIN_EMAIL}}, admin_password={{ADMIN_PASSWORD}}","[AUTH] POST {{BACK_URL}}/connect/token admin credentials — capture access_token
[SETUP] GET {{BACK_URL}}/api/background-jobs/recurring — capture SitemapExportAllToAssetsJobHandler's current cron (""0 0 * * *"" confirmed live)
[HTTP] POST {{BACK_URL}}/api/platform/settings to set Sitemap.ExportToAssets.JobCronExpression to ""0 12 * * *"" (PUT on this endpoint returns 405 Method Not Allowed — confirmed live; POST is the save verb)
[WAIT] up to 5s
[HTTP] GET {{BACK_URL}}/api/background-jobs/recurring","[BODY] SitemapExportAllToAssetsJobHandler entry's cron field now reads ""0 12 * * *"" {SPEC}
[BODY] nextRunUtc is recomputed against the new cron expression {SPEC}",[EVENT] no exception on re-registering the recurring job with a changed cron,"cron field unchanged after the setting update, 500 on re-registration, 405 returned instead of a successful save","POST {{BACK_URL}}/api/platform/settings to restore Sitemap.ExportToAssets.JobCronExpression to its observed defaultValue (""0 0 * * *"") — the setting has no unset/null state to return to (posting value:null returns 204 but is silently ignored, confirmed live), so cleanup must post the explicit default; the stored representation ends up explicit rather than null, though effective behavior is identical to the pre-test state",VCST-5490,Draft
BGJ-041,Concurrency — Two Rapid Price-List Saves Risk a Duplicate Change-Log Row,Background Jobs > Concurrency (Guard Removed),High,,,"state from BGJ-001 (BackgroundJobs migration modules deployed on {{BACK_URL}}, Hangfire active); [DisableConcurrentExecution(10)] was removed from Pricing's LogEntityChangesJobHandler in this migration; @td(PRICELIST_USD.id)/@td(PROD_DEFAULT.id) are business keys, not live ids — re-resolved via [SETUP] discovery below","admin_email={{ADMIN_EMAIL}}, admin_password={{ADMIN_PASSWORD}}, pricelist_key=@td(PRICELIST_USD.id), product_sku=@td(PROD_DEFAULT.sku)","[AUTH] POST {{BACK_URL}}/connect/token admin credentials — capture access_token
[SETUP] POST {{BACK_URL}}/api/catalog/search/products filtered by code/sku matching product_sku — capture items[0].id as the live product_id
[SETUP] GET/POST {{BACK_URL}}/api/pricing/pricelists/search filtered by the business key pricelist_key or its name — capture the live pricelist_id
[SETUP] GET {{BACK_URL}}/api/pricing/pricelists/{pricelist_id}/prices — capture current_price
[HTTP] fire two concurrent PUT {{BACK_URL}}/api/products/prices requests, each an array with one ProductPrice entry for product_id on pricelist_id (confirmed route; the previous /api/pricing/pricelists/{id}/prices PUT does not exist) — request A sets price+1, request B sets price+2, sent without awaiting A before firing B
[WAIT] up to 10s for both LogEntityChangesJobHandler executions to settle
[HTTP] GET {{BACK_URL}}/api/platform/changelog filtered to the price entity's id","[BODY] verify whether both concurrent requests return without a 500/exception {HYPOTHESIS}
[BODY] verify whether the final price is exactly one of the two submitted values, not a corrupted/merged value {HYPOTHESIS}
[BODY] verify whether the change-log shows one row per actual write, not a duplicated row for a single write {HYPOTHESIS}",[DB] GET the price again — confirms which write won and that it is a clean value,"500/exception from either concurrent request, price left in a merged/corrupted state, duplicate change-log rows for one write",PUT the price back to current_price via /api/products/prices,VCST-5490,Draft
BGJ-042,Concurrency — Two Rapid GeoLocation Edits on the Same Fulfillment Center,Background Jobs > Concurrency (Guard Removed),High,,,"state from BGJ-001 (BackgroundJobs migration modules deployed on {{BACK_URL}}, Hangfire active); [DisableConcurrentExecution(10)] was removed from Inventory's job handlers in this migration; @td(FC_EAST.id) (""FFC-001"") is a business key, not a live id — re-resolved via [SETUP] discovery below","admin_email={{ADMIN_EMAIL}}, admin_password={{ADMIN_PASSWORD}}, fc_code=@td(FC_EAST.code)","[AUTH] POST {{BACK_URL}}/connect/token admin credentials — capture access_token
[SETUP] GET {{BACK_URL}}/api/inventory/fulfillmentcenters/search filtered by code matching fc_code — capture the live fc_id
[SETUP] GET {{BACK_URL}}/api/inventory/fulfillmentcenters/{fc_id} — capture original_geo
[HTTP] fire two concurrent PUT {{BACK_URL}}/api/inventory/fulfillmentcenters/{fc_id} requests — request A sets GeoLocation ""40.7,-74.0"", request B sets ""34.0,-118.2"", sent without awaiting A before firing B
[WAIT] up to 10s for both RecalculateFulfillmentCenterDistanceJobHandler executions to settle","[BODY] verify whether both concurrent requests return without a 500/exception {HYPOTHESIS}
[BODY] verify whether the FC ends up with exactly one of the two submitted GeoLocations, and its recalculated distance matches that location, not a stale/mixed value {HYPOTHESIS}","[EVENT] verify whether exactly two FulfillmentCenterChangedEvent instances fired, not lost/coalesced","500/exception from either concurrent request, distance reflects neither submitted GeoLocation",PUT GeoLocation back to original_geo,VCST-5490,Draft
BGJ-043,Concurrency — Two Simultaneous Enqueue Calls at the Per-Handler Concurrency Limit,Background Jobs > Concurrency (Guard Removed),Medium,,,"state from BGJ-001 (BackgroundJobs migration modules deployed on {{BACK_URL}}, Hangfire active)","admin_email={{ADMIN_EMAIL}}, admin_password={{ADMIN_PASSWORD}}","[AUTH] POST {{BACK_URL}}/connect/token admin credentials — capture access_token
[HTTP] fire two concurrent POST {{BACK_URL}}/api/background-jobs/enqueue requests, both body {""name"":""SitemapDownloadJobHandler"",""payload"":{}} — capture job_id_a, job_id_b","[STATUS] both requests return 200, matching the single-call enqueue confirmed 200 with a job id in BGJ-008 {OBSERVED}
[BODY] job_id_a != job_id_b — the engine queues two independent executions rather than de-duplicating or rejecting the second {SPEC}",[EVENT] confirms removing [DisableConcurrentExecution(10)] does not also remove per-call job identity,"Second concurrent enqueue is rejected/blocked, both calls return the same job id",none,VCST-5490,Draft
BGJ-044,Concurrency — Rapid Sequential Price Changes Across Two Price Lists Are Not Lost,Background Jobs > Concurrency (Guard Removed),Medium,,,"state from BGJ-001 (BackgroundJobs migration modules deployed on {{BACK_URL}}, Hangfire active); @td(PROD_DEFAULT.id)/@td(PRICELIST_USD.id)/@td(PRICELIST_VIP.id) are business keys, not live ids — re-resolved via [SETUP] discovery below","admin_email={{ADMIN_EMAIL}}, admin_password={{ADMIN_PASSWORD}}, product_sku=@td(PROD_DEFAULT.sku), pricelist_usd_key=@td(PRICELIST_USD.id), pricelist_vip_key=@td(PRICELIST_VIP.id)","[AUTH] POST {{BACK_URL}}/connect/token admin credentials — capture access_token
[SETUP] POST {{BACK_URL}}/api/catalog/search/products filtered by code/sku matching product_sku — capture items[0].id as the live product_id
[SETUP] GET/POST {{BACK_URL}}/api/pricing/pricelists/search filtered by pricelist_usd_key or its name — capture the live pricelist_usd id
[SETUP] GET/POST {{BACK_URL}}/api/pricing/pricelists/search filtered by pricelist_vip_key or its name — capture the live pricelist_vip id
[SETUP] GET current prices on both pricelist_usd and pricelist_vip for product_id — capture usd_price, vip_price
[HTTP] PUT {{BACK_URL}}/api/products/prices with an array containing one ProductPrice entry for product_id on pricelist_usd (usd_price+1), immediately followed (no wait) by PUT {{BACK_URL}}/api/products/prices with one ProductPrice entry for product_id on pricelist_vip (vip_price+1) (confirmed route; the previous /api/pricing/pricelists/{id}/prices PUT does not exist)
[WAIT] up to 10s
[HTTP] GET {{BACK_URL}}/api/platform/changelog filtered to both price entities' ids","[BODY] change-log contains a row for the pricelist_usd change AND a row for the pricelist_vip change — neither overwrote the other {SPEC}
[DB] GET both prices again — both reflect their respective +1 change {SPEC}",[EVENT] confirms two distinct price-entity writes in quick succession are each independently logged,"One of the two writes is missing from the change-log (lost update across distinct entities), the two writes are merged into a single corrupted change-log entry",PUT both prices back to usd_price/vip_price via /api/products/prices,VCST-5490,Draft
BGJ-045,Backward Compat — Hangfire Succeeded Queue Still Processes Migrated Jobs (Hangfire-Only Observable),Background Jobs > Backward Compatibility,High,,,"state from BGJ-001 (BackgroundJobs migration modules deployed on {{BACK_URL}}, Hangfire active). ENGINE-GATED CASE, confirmed live on a second engine — do not re-derive: on RabbitMQ, migrated jobs are published to the broker and NEVER transit Hangfire's Succeeded/Failed/Scheduled queues, so a Hangfire-queue assertion is structurally inapplicable there, not merely absent. Precondition: [SETUP] GET {{BACK_URL}}/health and read `Background jobs`.Description to identify the active engine. If it names Hangfire: proceed with the Hangfire-queue steps below. If it names anything else (e.g. RabbitMQ): STOP and report BLOCKED:NOT_APPLICABLE:ENGINE_HAS_NO_HANGFIRE_QUEUE — this is a first-class, EXPECTED outcome on that engine, not a failure. A search for a RabbitMQ-side substitute observable came up empty (confirmed live): 10 candidate DLQ/dead-letter routes all 404, the background-jobs module's own swagger exposes only 4 endpoints (registered/recurring/enqueue + one more), and /health carries no queue-depth field. Do NOT invent a DLQ endpoint to fill this gap — the correct response on a non-Hangfire engine is BLOCKED, and the missing RabbitMQ-side observable is itself a documented gap in vc-module-background-jobs, not something this suite can paper over. The INTENT here (""the migration did not silently stop jobs from completing"") is engine-independent; only the OBSERVABLE (Hangfire's own Succeeded page) is Hangfire-specific. This stays Hangfire-only on purpose (confirmed, not re-derived): the underlying intent — that migrated jobs actually execute — is already covered end-to-end by the Section-3 Per-Job Observable Outcome cases (BGJ-020..037), and the background-jobs module exposes no cross-engine execution-history API to substitute here, so there is nothing legitimate to re-point this case at.","admin_email={{ADMIN_EMAIL}}, admin_password={{ADMIN_PASSWORD}}","[SETUP] GET {{BACK_URL}}/health — read `Background jobs`.Description to identify the active engine; if it does not name Hangfire, STOP and report BLOCKED:NOT_APPLICABLE:ENGINE_HAS_NO_HANGFIRE_QUEUE
[HTTP] navigate {{BACK_URL}}/hangfire with admin session (platform:background:jobs:manage)
[SETUP] use the Succeeded jobs list, filtered to the last hour (includes the jobs enqueued by BGJ-008/027/028/043 in this run)","[BODY] on Hangfire: the Succeeded list contains entries for the migrated handlers exercised in this run (e.g. SitemapDownloadJobHandler) with no exception recorded {SPEC}
[BODY] on Hangfire: none of those Succeeded entries reference a legacy IJobCancellationToken-based method overload {SPEC}
[BODY] on any other engine: case reports BLOCKED:NOT_APPLICABLE:ENGINE_HAS_NO_HANGFIRE_QUEUE, not FAIL and not a fabricated PASS {SPEC}","[EVENT] on Hangfire, confirms the migration did not silently stop jobs from completing; on other engines, this confirmation currently has no observable surface at all (documented module gap, not this suite's gap — the real execution-outcome intent is separately proven by BGJ-020..037)","Migrated jobs missing from Succeeded while running on Hangfire, present with a recorded exception while running on Hangfire, a non-Hangfire engine reported as FAIL instead of BLOCKED",none,VCST-5490,Draft
BGJ-046,"Backward Compat — No Legacy IJobCancellationToken Signature Registered (Negative Check; Registration Half Is Engine-Agnostic, Queue Half Is Hangfire-Only)",Background Jobs > Backward Compatibility,Medium,,,"state from BGJ-001 (BackgroundJobs migration modules deployed on {{BACK_URL}}, Hangfire active); [DisableConcurrentExecution]/legacy IJobCancellationToken-based overloads were removed from the Catalog automatic-links jobs. UPDATED 2026-08-17, confirmed live on vcptcore-qa, do not re-derive: GET /api/background-jobs/registered exposes handlerType with the FULL namespace for every entry (e.g. AdjustInventoryJobHandler -> VirtoCommerce.OrdersModule.Data.Jobs.AdjustInventoryJobHandler) — of the 20 registered handlers, the count carrying any legacy-signature marker (IJobCancellationToken / Hangfire-specific shape) is 0. This gives a REAL, engine-agnostic substitute for HALF of the original intent: it proves no handler is currently REGISTERED with a legacy signature, on either engine. It does NOT prove the narrower, original claim (""no already-queued item is stranded"") — that needs queue introspection, which RabbitMQ does not expose here (10 candidate DLQ routes 404, swagger exposes only 4 endpoints, /health has no queue-depth field). So this case now has two independently-gated halves: the REGISTRATION half (via /api/background-jobs/registered) runs and is evaluable on ANY engine; the QUEUE half (via Hangfire's own Failed page) is Hangfire-only and reports BLOCKED:NOT_APPLICABLE:ENGINE_HAS_NO_HANGFIRE_QUEUE elsewhere. Even on Hangfire the queue half has low ongoing power — confirmed live the Failed page was genuinely populated (142 KB) yet contained zero IJobCancellationToken tokens, because the migration itself removed every code path that could still emit that signature.","admin_email={{ADMIN_EMAIL}}, admin_password={{ADMIN_PASSWORD}}","[AUTH] POST {{BACK_URL}}/connect/token admin credentials — capture access_token
[HTTP] GET {{BACK_URL}}/api/background-jobs/registered with Bearer token
[SETUP] GET {{BACK_URL}}/health — read `Background jobs`.Description to identify the active engine; if it does not name Hangfire, skip the queue-half steps below and report that half BLOCKED:NOT_APPLICABLE:ENGINE_HAS_NO_HANGFIRE_QUEUE (the registration-half result above still stands)
[HTTP] navigate {{BACK_URL}}/hangfire with admin session (Hangfire only)
[SETUP] inspect the Failed jobs list for any entry whose job type references the removed IJobCancellationToken-based AutomaticLinksJob signature (Hangfire only)","[COUNT] registration half (any engine): zero entries in /api/background-jobs/registered expose an IJobCancellationToken-shaped signature or any other legacy/Hangfire-specific handlerType shape — proves no legacy signature is currently REGISTERED, narrower than ""nothing stranded is queued"" {OBSERVED}
[BODY] queue half, Hangfire only: verify whether the Failed queue additionally contains zero jobs referencing the removed AutomaticLinksJob(IJobCancellationToken) overload {HYPOTHESIS}
[BODY] queue half, any other engine: reports BLOCKED:NOT_APPLICABLE:ENGINE_HAS_NO_HANGFIRE_QUEUE, not a fabricated PASS {SPEC}","[EVENT] the registration half is an honest PASS on the part that is checkable on every engine; the queue half remains the only way to check the narrower, original ""nothing already queued is stranded"" claim, and only where Hangfire is active","Any registered handler's handlerType carries a legacy/IJobCancellationToken-shaped signature (a true FAIL on the registration half, any engine), one or more Failed entries reference the removed method signature while running on Hangfire, a non-Hangfire engine's queue half reported as FAIL instead of BLOCKED, a fabricated DLQ check invented to paper over the missing RabbitMQ observable",none,VCST-5490,Draft
BGJ-047,Backward Compat — No Legacy Sitemaps ProcessAll Signature Registered (Registration Half Is Engine-Agnostic; Queue Half Is Hangfire-Only),Background Jobs > Backward Compatibility,Medium,,,"state from BGJ-001 (BackgroundJobs migration modules deployed on {{BACK_URL}}, Hangfire active); the legacy IJobCancellationToken-based Sitemaps ProcessAll overload was removed in this migration. UPDATED 2026-08-17, confirmed live on vcptcore-qa, do not re-derive: GET /api/background-jobs/registered exposes handlerType with the FULL namespace for every entry (e.g. SitemapExportAllToAssetsJobHandler -> VirtoCommerce.SitemapsModule.Data.Jobs.SitemapExportAllToAssetsJob…) — of the 20 registered handlers, the count carrying any legacy-signature marker is 0. This gives a REAL, engine-agnostic substitute for HALF of the original intent: no handler is currently REGISTERED with a legacy signature, on either engine. It does NOT prove the narrower, original claim (""no already-queued item is stranded"") — that needs queue introspection, which RabbitMQ does not expose here (10 candidate DLQ routes 404, swagger exposes only 4 endpoints, /health has no queue-depth field). Two independently-gated halves: REGISTRATION (via /api/background-jobs/registered) runs on ANY engine; QUEUE (via Hangfire's Failed page) is Hangfire-only, BLOCKED:NOT_APPLICABLE:ENGINE_HAS_NO_HANGFIRE_QUEUE elsewhere.","admin_email={{ADMIN_EMAIL}}, admin_password={{ADMIN_PASSWORD}}","[AUTH] POST {{BACK_URL}}/connect/token admin credentials — capture access_token
[HTTP] GET {{BACK_URL}}/api/background-jobs/registered with Bearer token
[SETUP] GET {{BACK_URL}}/health — read `Background jobs`.Description to identify the active engine; if it does not name Hangfire, skip the queue-half steps below and report that half BLOCKED:NOT_APPLICABLE:ENGINE_HAS_NO_HANGFIRE_QUEUE (the registration-half result above still stands)
[HTTP] navigate {{BACK_URL}}/hangfire with admin session (Hangfire only)
[SETUP] inspect the Failed jobs list for any entry whose job type references the removed IJobCancellationToken-based Sitemaps ProcessAll overload (Hangfire only)","[COUNT] registration half (any engine): zero entries in /api/background-jobs/registered expose an IJobCancellationToken-shaped signature or any other legacy/Hangfire-specific handlerType shape — proves no legacy signature is currently REGISTERED, narrower than ""nothing stranded is queued"" {OBSERVED}
[BODY] queue half, Hangfire only: verify whether the Failed queue additionally contains zero jobs referencing the removed ProcessAll(IJobCancellationToken) overload {HYPOTHESIS}
[BODY] queue half, any other engine: reports BLOCKED:NOT_APPLICABLE:ENGINE_HAS_NO_HANGFIRE_QUEUE, not a fabricated PASS {SPEC}","[EVENT] the registration half is an honest PASS on the part that is checkable on every engine; the queue half remains the only way to check the narrower, original ""nothing already queued is stranded"" claim, and only where Hangfire is active","Any registered handler's handlerType carries a legacy/IJobCancellationToken-shaped signature (a true FAIL on the registration half, any engine), one or more Failed entries reference the removed method signature while running on Hangfire, a non-Hangfire engine's queue half reported as FAIL instead of BLOCKED",none,VCST-5490,Draft
BGJ-048,Backward Compat — No Pre-Migration Namespace/Shape Among Registered + Recurring Handlers (Engine-Agnostic),Background Jobs > Backward Compatibility,Medium,,,"state from BGJ-001 (BackgroundJobs migration modules deployed on {{BACK_URL}}, Hangfire active). UPDATED 2026-08-17, confirmed live on vcptcore-qa, do not re-derive: this case is fully re-pointed at GET /api/background-jobs/registered + GET /api/background-jobs/recurring, both of which expose handlerType with the FULL namespace for every entry (e.g. recurring: SitemapExportAllToAssetsJobHandler -> VirtoCommerce.SitemapsModule.Data.Jobs.SitemapExportAllToAssetsJob…; registered: AdjustInventoryJobHandler -> VirtoCommerce.OrdersModule.Data.Jobs.AdjustInventoryJobHandler, CancelPaymentJobHandler -> VirtoCommerce.OrdersModule.Data.Jobs.CancelPaymentJobHandler). This is a REAL engine-agnostic observable — it does NOT depend on Hangfire's own Scheduled queue at all, so the NOT_APPLICABLE engine gate from the earlier version of this case is DROPPED; this is a genuine PASS-capable check on both Hangfire and RabbitMQ.","admin_email={{ADMIN_EMAIL}}, admin_password={{ADMIN_PASSWORD}}","[AUTH] POST {{BACK_URL}}/connect/token admin credentials — capture access_token
[HTTP] GET {{BACK_URL}}/api/background-jobs/registered with Bearer token
[HTTP] GET {{BACK_URL}}/api/background-jobs/recurring with Bearer token","[BODY] no handlerType across either response belongs to a pre-migration namespace/shape (i.e. none reference the removed IJobCancellationToken-based signatures or any assembly version predating this migration: Pricing < 3.1006.0, Inventory < 3.1005.0, Store < 3.1007.0, Sitemaps < 3.1004.0, Orders < 3.1014.0, Catalog < 3.1041.0) {OBSERVED}
[BODY] each of the 17 migrated handlers resolves to its new `<Module>.Data.Jobs.<Handler>` namespace (e.g. VirtoCommerce.OrdersModule.Data.Jobs.*, VirtoCommerce.SitemapsModule.Data.Jobs.*) rather than any pre-migration shape {OBSERVED}","[EVENT] this check is now identical in meaning and mechanism on both Hangfire and RabbitMQ — the deploy did not leave any pre-migration handler shape resolvable, regardless of which engine dispatches it","Any handlerType resolves to a pre-migration namespace or a legacy signature shape, a migrated handler's handlerType does not match the expected `<Module>.Data.Jobs.<Handler>` pattern",none,VCST-5490,Draft
BGJ-049,Cross-Engine Seam — Catalog Change Still Reaches Search Within the 120s Threshold,Background Jobs > Cross-Engine Search Seam,High,BL-CROSS-009,,"state from BGJ-001 (BackgroundJobs migration modules deployed on {{BACK_URL}}, Hangfire active); vc-module-search 3.1006.0 is NOT migrated and still dispatches reindex via IIndexingJobService/Hangfire; @td(PROD_DEFAULT.id) is a business key, not a live id — re-resolved via [SETUP] discovery below. If the Catalog.Search.EventBasedIndexation.Enable and/or VirtoCommerce.Search.IndexingJobs.Enable settings are false on this env, the search-reflection assertion below is NOT evaluable — report it BLOCKED (reason PRECONDITION_UNMET:SEARCH_INDEXING_DISABLED), not FAIL; the non-search assertions in this case remain evaluable","admin_email={{ADMIN_EMAIL}}, admin_password={{ADMIN_PASSWORD}}, product_sku=@td(PROD_DEFAULT.sku), store_id={{STORE_ID}}","[AUTH] POST {{BACK_URL}}/connect/token admin credentials — capture access_token
[SETUP] GET {{BACK_URL}}/api/platform/settings to check Catalog.Search.EventBasedIndexation.Enable and VirtoCommerce.Search.IndexingJobs.Enable — if either is false, this case's search assertion will be reported BLOCKED, not FAIL
[SETUP] POST {{BACK_URL}}/api/catalog/search/products filtered by code/sku matching product_sku — capture items[0].id as the live product_id
[HTTP] PUT {{BACK_URL}}/api/catalog/products to change product_id's name to an AGENT-TEST- prefixed value
[WAIT] poll the storefront xAPI products(storeId: store_id, ...) query every 15s up to 120s for the new name to appear (confirmed route; REST GET /api/search/{store}/products does not exist)","[BODY] the updated name is reflected in the xAPI products query results within 120s (2 reindex cycles) — BLOCKED (not FAIL) if search-indexation config is disabled {BL}
[BODY] no 500/GraphQL errors[] surface from either dispatch path during the poll window {SPEC}","[SEARCH] confirms the migrated Catalog event path (UpdateProductsJobHandler / LogEntityChangesJobHandler on the new engine) still feeds the unmigrated, Hangfire-driven search reindex without a broken seam","Name still not indexed after 120s while indexation config IS enabled (a true FAIL), a 500/GraphQL error surfaces from the reindex dispatch",Revert product_id's name to its original value,VCST-5490,Draft
BGJ-050,Cross-Engine Seam — Pricing Change Still Reaches Search Within the Consistency Window,Background Jobs > Cross-Engine Search Seam,High,BL-CROSS-009,,"state from BGJ-001 (BackgroundJobs migration modules deployed on {{BACK_URL}}, Hangfire active); vc-module-search 3.1006.0 is NOT migrated; @td(PRICELIST_USD.id)/@td(PROD_DEFAULT.id) are business keys, not live ids — re-resolved via [SETUP] discovery below. If the Catalog.Search.EventBasedIndexation.Enable and/or VirtoCommerce.Search.IndexingJobs.Enable settings are false on this env, the search-reflection assertion below is NOT evaluable — report it BLOCKED (reason PRECONDITION_UNMET:SEARCH_INDEXING_DISABLED), not FAIL; the non-search assertions in this case remain evaluable","admin_email={{ADMIN_EMAIL}}, admin_password={{ADMIN_PASSWORD}}, pricelist_key=@td(PRICELIST_USD.id), product_sku=@td(PROD_DEFAULT.sku), store_id={{STORE_ID}}","[AUTH] POST {{BACK_URL}}/connect/token admin credentials — capture access_token
[SETUP] GET {{BACK_URL}}/api/platform/settings to check Catalog.Search.EventBasedIndexation.Enable and VirtoCommerce.Search.IndexingJobs.Enable — if either is false, this case's search assertion will be reported BLOCKED, not FAIL
[SETUP] POST {{BACK_URL}}/api/catalog/search/products filtered by code/sku matching product_sku — capture items[0].id as the live product_id
[SETUP] GET/POST {{BACK_URL}}/api/pricing/pricelists/search filtered by pricelist_key or its name — capture the live pricelist_id
[SETUP] GET the current price — capture current_price
[HTTP] PUT {{BACK_URL}}/api/products/prices with an array containing one ProductPrice entry for product_id on pricelist_id at current_price + 5 (confirmed route; the previous /api/pricing/pricelists/{id}/prices PUT does not exist)
[WAIT] poll the storefront xAPI products(storeId: store_id, ...) query every 15s up to 120s for the updated price to appear (confirmed route; REST GET /api/search/{store}/products does not exist)","[MATH] indexed price = current_price + 5 within 120s — BLOCKED (not FAIL) if search-indexation config is disabled {BL}
[BODY] no 500/GraphQL errors[] surface from either dispatch path during the poll window {SPEC}",[SEARCH] confirms a Pricing-module event on the new job engine still reaches the search module's own reindex trigger,"Indexed price still stale after 120s while indexation config IS enabled (a true FAIL), a 500/GraphQL error surfaces from the reindex dispatch",PUT the price back to current_price via /api/products/prices,VCST-5490,Draft
BGJ-051,Cross-Engine Seam — Inventory Change Still Reaches Search-Driven Availability on a Store With a Fulfillment Center,Background Jobs > Cross-Engine Search Seam,High,BL-CROSS-009,,"state from BGJ-001 (BackgroundJobs migration modules deployed on {{BACK_URL}}, Hangfire active); vc-module-search 3.1006.0 is NOT migrated. CONFIRMED LIVE on a second engine, do not re-derive: this case previously hardcoded {{STORE_ID}} (B2B-store) and PROD_OOS, and PASSed on vcst-qa but went BLOCKED on vcptcore-qa — root cause was NOT the engine and NOT search config (both indexation settings were true there), it was that B2B-store has mainFulfillmentCenterId=null and an empty additionalFulfillmentCenterIds: with no fulfillment center attached, a trackInventory=true product on that store can NEVER report in-stock (proven with controls on vcptcore-qa: a product with 2838 units still read OOS there, and all 26 in-stock products on B2B-store there have trackInventory=false). The earlier PASS on vcst-qa was therefore incidental, not a correct green. REQUIRED PRECONDITION: a store with a non-null mainFulfillmentCenterId (or a non-empty additionalFulfillmentCenterIds) AND a trackInventory=true product with an inventory record at that FC must be discovered live — never hardcode a store name or a specific fulfillment-center id (e.g. do not hardcode B2B-loyalty/Clothing/store2 or their FC ids even though they are known on this env to qualify; they are context for THIS finding, not fixtures to pin). If no such store/product pairing is discoverable, report BLOCKED:PRECONDITION_UNMET:NO_STORE_WITH_FULFILLMENT_CENTER rather than running against a store that structurally cannot express availability. Do NOT work around a missing FC by picking a trackInventory=false product instead — that makes the assertion vacuous, since availability never depends on stock for those. If the Catalog.Search.EventBasedIndexation.Enable and/or VirtoCommerce.Search.IndexingJobs.Enable settings are false on this env, the search-reflection assertion below is NOT evaluable — report it BLOCKED (reason PRECONDITION_UNMET:SEARCH_INDEXING_DISABLED), not FAIL; the non-search assertions in this case remain evaluable","admin_email={{ADMIN_EMAIL}}, admin_password={{ADMIN_PASSWORD}}","[AUTH] POST {{BACK_URL}}/connect/token admin credentials — capture access_token
[SETUP] GET {{BACK_URL}}/api/platform/settings to check Catalog.Search.EventBasedIndexation.Enable and VirtoCommerce.Search.IndexingJobs.Enable — if either is false, this case's search assertion will be reported BLOCKED, not FAIL
[SETUP] POST {{BACK_URL}}/api/stores/search, then for each candidate GET {{BACK_URL}}/api/stores/{id} — capture the first store whose mainFulfillmentCenterId is non-null OR whose additionalFulfillmentCenterIds is non-empty, as store_id + fc_id. If none found: STOP and report BLOCKED:PRECONDITION_UNMET:NO_STORE_WITH_FULFILLMENT_CENTER
[SETUP] within store_id's catalog, discover a product with trackInventory=true and an existing inventory record at fc_id — capture product_id. If none found: STOP and report BLOCKED:PRECONDITION_UNMET:NO_STORE_WITH_FULFILLMENT_CENTER (a qualifying store exists but no usable tracked product does)
[HTTP] PUT {{BACK_URL}}/api/inventory/products/{product_id} to set InStockQuantity > 0 at fc_id (confirmed route; the previous bare PUT /api/inventory does not exist)
[WAIT] poll the storefront xAPI products(storeId: store_id, ...) query, or the storefront PDP, for product_id every 15s up to 120s for availability to flip (confirmed route; REST GET /api/search/{store}/products does not exist)","[BODY] storefront-facing availability for product_id on store_id flips to in-stock within 120s — BLOCKED (not FAIL) if search-indexation config is disabled {BL}
[BODY] no 500/GraphQL errors[] surface from either dispatch path during the poll window {SPEC}","[SEARCH] confirms an Inventory-module event on the new engine still reaches the search-backed availability signal, on a store actually capable of expressing it","Availability still shows out-of-stock after 120s while indexation config IS enabled AND the store/product pairing is confirmed capable (a true FAIL, not BLOCKED), the discovered store has no FC attached (a discovery-step bug — should have been BLOCKED before reaching this point), the chosen product has trackInventory=false (a vacuous-assertion bug), a 500/GraphQL error surfaces from the reindex dispatch",PUT InStockQuantity for product_id back to its prior value at fc_id,VCST-5490,Draft
BGJ-052,Cross-Engine Seam — Category Update Dual-Dispatches Without Duplication or Error,Background Jobs > Cross-Engine Search Seam,High,"BL-CROSS-009, BL-CROSS-011",,"state from BGJ-001 (BackgroundJobs migration modules deployed on {{BACK_URL}}, Hangfire active); CatalogModuleCategoriesController now calls both the migrated background-jobs dispatch (UpdateProductsJobHandler) and the legacy Hangfire-driven search reindex in one class; confirmed route: PATCH /api/catalog/categories/{id} with a JSON-patch array (PUT /api/catalog/categories does not exist). If the Catalog.Search.EventBasedIndexation.Enable and/or VirtoCommerce.Search.IndexingJobs.Enable settings are false on this env, the search-reflection assertion below is NOT evaluable — report it BLOCKED (reason PRECONDITION_UNMET:SEARCH_INDEXING_DISABLED), not FAIL; the non-search assertions in this case remain evaluable","admin_email={{ADMIN_EMAIL}}, admin_password={{ADMIN_PASSWORD}}, store_id={{STORE_ID}}","[SETUP] GET {{BACK_URL}}/api/catalog/categories/search to discover a live category with >=1 child product — capture category_id
[AUTH] POST {{BACK_URL}}/connect/token admin credentials — capture access_token
[SETUP] GET {{BACK_URL}}/api/platform/settings to check Catalog.Search.EventBasedIndexation.Enable and VirtoCommerce.Search.IndexingJobs.Enable — if either is false, only this case's SEARCH assertion is BLOCKED; the PATCH/re-save assertions below remain evaluable regardless
[HTTP] PATCH {{BACK_URL}}/api/catalog/categories/{category_id} with a JSON-patch array (e.g. [{""op"":""replace"",""path"":""/isActive"",""value"":<flipped>}])
[WAIT] up to 10s, then poll the storefront xAPI products(storeId: store_id, ...) query up to 120s (confirmed route; REST GET /api/search/{store}/products does not exist)","[STATUS] the PATCH returns 200 with no 500/exception from the dual-dispatch code path {SPEC}
[BODY] child products are re-saved exactly once (no duplicate ModifiedDate bump from a double-fired handler) {SPEC}
[SEARCH] child products' visibility change is reflected in the xAPI products query within 120s — BLOCKED (not FAIL) if search-indexation config is disabled (BL-CROSS-009) {BL}",[EVENT] both dispatch paths (new engine + legacy Hangfire search trigger) complete for the same single category edit,"500 ""Object reference not set..."" from a malformed PATCH body, child products re-saved twice, search never reflects the change while indexation config IS enabled (a dependent-service failure here should degrade gracefully per BL-CROSS-011, not silently drop the update)",PATCH category_id's IsActive/visibility flag back to its original value,VCST-5490,Draft
BGJ-053,Known Defect — Registered List Should Distinguish the 4 LogEntityChangesJobHandler Registrations,Background Jobs > Known Defect — Registered-List Dedup,Medium,,,"state from BGJ-001 (BackgroundJobs migration modules deployed on {{BACK_URL}}, Hangfire active); Pricing, Inventory, Store, and Catalog each register their own LogEntityChangesJobHandler in a different module namespace; confirmed root cause: vc-module-background-jobs GetRegisteredJobs() runs .GroupBy(x => x.Name, OrdinalIgnoreCase).Select(g => g.Last()) — a name-only dedup, so of the 17 migrated handlers only 14 distinct names can ever surface (pricing 1 + inventory 2 + store 2 + sitemaps 3 + orders 5 + catalog 4 = 17 registrations, collapsing to 14 distinct names because 4 of them share the literal name ""LogEntityChangesJobHandler""); this is a confirmed defect in vc-module-background-jobs itself, filed as a finding — it is NOT one of the 6 migrated modules in scope for VCST-5490, so BGJ-053 is the ONLY case in this suite expected to fail on it (every other case was checked and does not assume more than 1 visible LogEntityChangesJobHandler entry)","admin_email={{ADMIN_EMAIL}}, admin_password={{ADMIN_PASSWORD}}","[AUTH] POST {{BACK_URL}}/connect/token admin credentials — capture access_token
[HTTP] GET {{BACK_URL}}/api/background-jobs/registered with Bearer token
[SETUP] filter the response to items where name=""LogEntityChangesJobHandler""","[COUNT] exactly 4 distinguishable LogEntityChangesJobHandler registrations are present, one per module, differing by handlerType (VirtoCommerce.PricingModule.*, VirtoCommerce.InventoryModule.*, VirtoCommerce.StoreModule.*, VirtoCommerce.CatalogModule.*) {SPEC}
[COUNT] confirmed live on {{BACK_URL}} on 2026-08-13: the full registered list returns 20 rows, 20 unique names, and 20 unique handlerTypes (no residual duplication among the rows that DO surface) — only 1 LogEntityChangesJobHandler entry is currently returned instead of 4, so this case is EXPECTED to fail against the current build {OBSERVED}","[EVENT] dispatch itself resolves by full type and is unaffected — this is a troubleshooting-API completeness check, not a dispatch-correctness check","Only 1 LogEntityChangesJobHandler entry is returned, the endpoint de-duplicates by bare class name so Inventory/Store/Catalog's own registrations are hidden from troubleshooting",none,VCST-5490,Draft
BGJ-054,Sitemaps — Exported Sitemap File Is Actually Reachable After the Job Completes,Background Jobs > Per-Job Observable Outcome,High,,,"state from BGJ-001 (BackgroundJobs migration modules deployed on {{BACK_URL}}, Hangfire active); confirmed live on {{BACK_URL}} on 2026-08-14: {{BACK_URL}}/sitemap.xml returned 404 even though the backend export (SitemapExportToAssetsJobHandler) reported success — this case makes that end-to-end reachability check a first-class, repeatable assertion rather than an incidental finding from a cancelled cross-suite run","admin_email={{ADMIN_EMAIL}}, admin_password={{ADMIN_PASSWORD}}, store_id={{STORE_ID}}, front_url={{FRONT_URL}}, back_url={{BACK_URL}}","[AUTH] POST {{BACK_URL}}/connect/token admin credentials — capture access_token
[HTTP] GET {{BACK_URL}}/api/sitemaps/exportToStoreAssets?storeId={store_id}&baseUrl={front_url} with Bearer token (confirmed route)
[WAIT] up to 30s for SitemapExportToAssetsJobHandler to complete (do not trust GET /api/platform/jobs/{id} as the completion signal — confirmed live it returns completed:true for any unknown id; instead re-check the exported asset's ModifiedDate as in BGJ-027)
[HTTP] GET {{back_url}}/sitemap.xml","[STATUS] the export call itself returns 200 {SPEC}
[STATUS] GET {{back_url}}/sitemap.xml returns 200, NOT 404 — confirmed live on 2026-08-14 that it currently returns 404 despite the backend reporting a successful export, so this case is EXPECTED to fail against the current build {OBSERVED}
[BODY] when reachable, the response is a well-formed sitemap XML (<urlset> or <sitemapindex> root) {SPEC}","[EVENT] the job's own completion status (asset written/updated) is necessary but not sufficient — this case is the one place in the suite that also proves the file is served, i.e. that a route/proxy/static-file-serving gap doesn't silently strand a successfully-exported file","404 on {{back_url}}/sitemap.xml after the export reports success (the confirmed live defect), export call itself non-200, malformed XML if reachable",none,VCST-5490,Draft
